-9.589485509153924947e-02,-1.079309930870974849e-01,-1.210334458211514003e-01,-1.355972274511832998e-01,-1.518914573544262736e-01,-1.680958693591313446e-01,-1.867833939979270386e-01,-2.053443904215596361e-01,-2.251496733139274897e-01,-2.455705965791966927e-01,-2.669356244683657176e-01,-2.889159948925150156e-01,-3.113405157449306015e-01,-3.342781218080698169e-01,-3.568525366085217310e-01,-3.801048772998195102e-01,-4.037720382651927009e-01,-4.274753386142284839e-01,-4.514548718020731100e-01,-4.755423626530259074e-01,-4.998663135862536078e-01,-5.242259138695039011e-01,-5.486648051520189862e-01,-5.729647425138982841e-01,-5.972148321494155088e-01,-6.213982833013651508e-01,-6.454249867797547946e-01,-6.698216337490520145e-01,-6.938765478472020964e-01,-7.182405569894859676e-01,-7.425468546050488783e-01,-7.671303473901363024e-01,-7.912204738369744694e-01,-8.157150298902882124e-01,-8.398972525801436939e-01
-7.628090162652219341e-02,-7.620245698795967415e-02,-7.810371212924267781e-02,-8.119023310686906969e-02,-8.608585299869364604e-02,-9.180035165571125144e-02,-9.909138333286779399e-02,-1.072727628579703552e-01,-1.165233160487048614e-01,-1.266569098276905669e-01,-1.380830711382650400e-01,-1.503118158493628453e-01,-1.632264742308677241e-01,-1.764396079723770105e-01,-1.907501848202917405e-01,-2.058890484754485606e-01,-2.215727806147522738e-01,-2.375166135715741922e-01,-2.541987694640165940e-01,-2.712844984037362517e-01,-2.887186980291335248e-01,-3.065410338565943138e-01,-3.245779848800923739e-01,-3.427630042499736907e-01,-3.612071132570928156e-01,-3.801178061862951485e-01,-3.993344994812320081e-01,-4.190018275887834598e-01,-4.388432761321627296e-01,-4.590212497905596378e-01,-4.796263139074613546e-01,-5.010128840142770157e-01,-5.226381469152294734e-01,-5.449014676197564411e-01,-5.673353523124482489e-01
-1.054410917860878483e-01,-9.698650395753025122e-02,-9.014742373622233740e-02,-8.618210451780540515e-02,-8.441919742351107481e-02,-8.387967827089488904e-02,-8.517177722105086224e-02,-8.725422754556833027e-02,-9.005016628565895576e-02,-9.424214195857537335e-02,-9.913019057695095226e-02,-1.051753573068584108e-01,-1.121319499311772272e-01,-1.196345852519514752e-01,-1.273410539724169899e-01,-1.365294545717984365e-01,-1.460145857998902119e-01,-1.562969145505010149e-01,-1.671352926127953609e-01,-1.780734611550633117e-01,-1.896157554757706143e-01,-2.016621961561084198e-01,-2.136258967909381856e-01,-2.260131180390445860e-01,-2.391430843769815073e-01,-2.523577409400412641e-01,-2.658384180480442560e-01,-2.799442511801321087e-01,-2.944405643381646231e-01,-3.093331458792568101e-01,-3.246970334106424882e-01,-3.408254631657243738e-01,-3.573737986664178856e-01,-3.745823123784545183e-01,-3.925668640883270277e-01
-2.460804448977871872e-01,-2.066005372987636257e-01,-1.689324094736347481e-01,-1.367849895154424900e-01,-1.241958649460412484e-01,-1.079193977970371310e-01,-1.012218783899534735e-01,-9.765013600644237290e-02,-9.479274089207469223e-02,-9.347251218309175769e-02,-9.398883064557531086e-02,-9.584819572151023759e-02,-9.846476698845434139e-02,-1.023098383714815540e-01,-1.064218689192801270e-01,-1.116627566772288721e-01,-1.170423245510915228e-01,-1.233607393688245513e-01,-1.301723000240164740e-01,-1.378728351847251510e-01,-1.458216598170715417e-01,-1.540894663318483349e-01,-1.622065787724219776e-01,-1.708176042224144875e-01,-1.797032431784335027e-01,-1.886944043407281779e-01,-1.982611856333619249e-01,-2.078857479349671133e-01,-2.179243344789343895e-01,-2.279670128319163658e-01,-2.391616493405726573e-01,-2.504459067550291462e-01,-2.625001524645981243e-01,-2.747514234287367629e-01,-2.880387877412944886e-01
-4.770002089160396697e-01,-4.086576963238799376e-01,-3.424248748652233831e-01,-2.836236633611554647e-01,-2.288627012699790408e-01,-1.863861726468159785e-01,-1.529129486479171574e-01,-1.298244546089219187e-01,-1.194516210676774826e-01,-1.137097366273484983e-01,-1.093156869205618859e-01,-1.056838288206760901e-01,-1.046247789404168016e-01,-1.047185037551590647e-01,-1.058230023450611873e-01,-1.081060592896556649e-01,-1.107575585377797989e-01,-1.140655442258573654e-01,-1.183920198073989127e-01,-1.233316876007922724e-01,-1.287588270413672908e-01,-1.340130348451989140e-01,-1.401014780448702202e-01,-1.462134015851825897e-01,-1.522597368872552759e-01,-1.589418900290075209e-01,-1.658362976163916813e-01,-1.727317402617745967e-01,-1.800160175223729508e-01,-1.876082968899018821e-01,-1.954293624368244886e-01,-2.032241364104487302e-01,-2.117124356858385015e-01,-2.206663058790535314e-01,-2.297098363530706566e-01
-6.672090661763113717e-01,-6.037464157619459870e-01,-5.603012132875336837e-01,-4.999474025606988614e-01,-4.469290782115204475e-01,-3.740961596968581659e-01,-3.046953758645343235e-01,-2.654877265669350339e-01,-2.173392865499923776e-01,-1.984106088347082075e-01,-1.699868054736534684e-01,-1.423155046780561483e-01,-1.329795723676771013e-01,-1.238830978082272882e-01,-1.204258718551596968e-01,-1.188762823996717816e-01,-1.178596407649898647e-01,-1.180278489943386161e-01,-1.195019601008586035e-01,-1.216689427023721209e-01,-1.249941340046770155e-01,-1.281173396431711520e-01,-1.318100800051154320e-01,-1.361153890700161351e-01,-1.406875946859197368e-01,-1.456683422871221933e-01,-1.505734887354024665e-01,-1.561915671634957481e-01,-1.619524211662002888e-01,-1.675760179128530925e-01,-1.732586241063405197e-01,-1.792289881780744776e-01,-1.850152175041900049e-01,-1.915252784149441834e-01,-1.980953824966124877e-01
-8.157189385211209842e-01,-7.682653905944205608e-01,-7.341892938040281980e-01,-6.795085933749667184e-01,-6.308418952821419623e-01,-5.611611969801276745e-01,-4.801637707777115516e-01,-4.209312692590111982e-01,-3.716690691527589907e-01,-3.337047632197600588e-01,-2.955281648697865027e-01,-2.488317597645009760e-01,-2.227102933184910427e-01,-2.018958794113842881e-01,-1.842636187163885220e-01,-1.638757748050724272e-01,-1.530469450947762322e-01,-1.462102330670941586e-01,-1.334819547497760328e-01,-1.313449598501393867e-01,-1.296428861154906853e-01,-1.290207184239612614e-01,-1.306116028186233291e-01,-1.332842511901072280e-01,-1.363233918696882818e-01,-1.400040181341875578e-01,-1.438663838910893000e-01,-1.481424376779496010e-01,-1.526978125094439198e-01,-1.572328798720064591e-01,-1.622188110121811633e-01,-1.664323857492918668e-01,-1.709397809451831951e-01,-1.758477715017972565e-01,-1.811551112967048627e-01
-8.790781258067131843e-01,-8.444766744433255257e-01,-8.238236980513842234e-01,-8.051702526163428963e-01,-7.722559492181206853e-01,-7.041715423297255638e-01,-6.684140374524817352e-01,-6.208403952466493569e-01,-5.760762034286310840e-01,-4.967918020619723762e-01,-4.383537199329318734e-01,-4.013389891020760492e-01,-3.724191321213076167e-01,-3.074753623228858035e-01,-2.707852146302564544e-01,-2.463057184579153236e-01,-2.213170737441023939e-01,-1.963309258657307543e-01,-1.862105529734293663e-01,-1.804185529821976663e-01,-1.681738124625769271e-01,-1.492810718901437794e-01,-1.459018218596929706e-01,-1.378841223347915812e-01,-1.380079590720203198e-01,-1.388990986072415057e-01,-1.416446341558884325e-01,-1.441757042416157708e-01,-1.476963270067773726e-01,-1.513964768408087580e-01,-1.553809261002994102e-01,-1.595193479636834999e-01,-1.633874693260775335e-01,-1.672663609776356419e-01,-1.718560698942464271e-01
-9.134519248934684921e-01,-8.872304106839691284e-01,-8.655023578691718456e-01,-8.507119090383581383e-01,-8.319822672243875061e-01,-8.035041581623630913e-01,-7.608706927340910253e-01,-7.174777640481115881e-01,-7.016497028262530522e-01,-6.382348151189477514e-01,-5.764950146053997582e-01,-5.349069729524796868e-01,-4.794106589178032118e-01,-4.381944410279720592e-01,-4.103400812886652260e-01,-3.497450749526841429e-01,-3.134139559006112186e-01,-2.830387829157477997e-01,-2.594065322703947296e-01,-2.272078340304861110e-01,-2.128891800545500423e-01,-1.977349722384568464e-01,-1.786606079592105156e-01,-1.721568808441851228e-01,-1.534343010611361746e-01,-1.512164294422224387e-01,-1.455810415129023816e-01,-1.449749833375358898e-01,-1.466647576562281063e-01,-1.495952548777509938e-01,-1.526609404317370855e-01,-1.554246660526648893e-01,-1.582933247028593116e-01,-1.620008190466836195e-01,-1.654453626076182460e-01
-9.604628108455138813e-01,-9.330793460577926357e-01,-9.125919864586885533e-01,-8.999870560984255530e-01,-8.893967558375609483e-01,-8.696444200486559417e-01,-8.317876318060303253e-01,-8.122077243489962406e-01,-7.875395794908488512e-01,-7.472595080392020472e-01,-6.888176908788568031e-01,-6.621823129357620186e-01,-6.253173210285298822e-01,-5.653539605331604490e-01,-5.108112086686257269e-01,-4.626044676118746812e-01,-4.011212059431484844e-01,-3.656801504094279731e-01,-3.391192270753432547e-01,-3.034628194436723714e-01,-2.861395203060324022e-01,-2.604554710378039206e-01,-2.239110953653811742e-01,-2.073829764268543818e-01,-1.763079962402924750e-01,-1.655763196807342186e-01,-1.564617565406118682e-01,-1.549475666910805349e-01,-1.537493287484976434e-01,-1.509254328577032400e-01,-1.525286237780505150e-01,-1.540680337927298471e-01,-1.567037066249659383e-01,-1.596308248990193079e-01,-1.623000238042335008e-01
-1.000000000000000000e+00,-9.689398887263188653e-01,-9.564683496155259590e-01,-9.452528880690346247e-01,-9.367119867608236783e-01,-9.172749774597084294e-01,-9.134574359388455411e-01,-8.977349825344258516e-01,-8.823092733339983340e-01,-8.455251378304508014e-01,-8.047411742523796763e-01,-7.665720393156205681e-01,-7.226974200093062572e-01,-6.923143580167679945e-01,-6.322945169682238076e-01,-5.764466831034487093e-01,-5.041153622782985622e-01,-4.617725200515884754e-01,-4.408377206985448216e-01,-3.875146934302978186e-01,-3.430908134991665914e-01,-3.221588264382480027e-01,-2.995904262566725929e-01,-2.725052535495192663e-01,-2.423567942709469736e-01,-2.132945795947385481e-01,-1.852711820742654059e-01,-1.786868150750990092e-01,-1.691613411284001167e-01,-1.642714600069485609e-01,-1.618285175041595247e-01,-1.569528669768457119e-01,-1.581568413432407338e-01,-1.606352974607954398e-01,-1.622448996456641868e-01
-9.952206465088142551e-01,-9.779070219194061497e-01,-9.654557221426358637e-01,-9.568331522763150465e-01,-9.396764919457822884e-01,-9.331303732027161901e-01,-9.166631803392883970e-01,-9.078652489436446205e-01,-8.914728139172374277e-01,-8.701441864392721603e-01,-8.466890222956771073e-01,-8.188486929823569627e-01,-7.933816438629102130e-01,-7.585794865439623447e-01,-7.298132871473983485e-01,-6.738117974134635313e-01,-6.147678137014519484e-01,-5.593501421006520369e-01,-5.293353313225993562e-01,-4.735802189739066193e-01,-4.247110048504161295e-01,-3.921951392111371892e-01,-3.572842131769791707e-01,-3.348403949659162770e-01,-3.081774105397834251e-01,-2.859779997329889301e-01,-2.646637755496657474e-01,-2.367757401705045117e-01,-2.104189134179016429e-01,-2.001000921126887544e-01,-1.791037271142899290e-01,-1.726047755260412542e-01,-1.687443864881287281e-01,-1.687670031800900805e-01,-1.648777365630099689e-01
-9.988018119390548177e-01,-9.931098060654959259e-01,-9.740885230616594948e-01,-9.632261130338870547e-01,-9.559395732521620559e-01,-9.450407152276866229e-01,-9.369190451009367093e-01,-9.302096790592303543e-01,-9.128070839828051897e-01,-9.002727801288067377e-01,-8.888253032085675631e-01,-8.791402622989049620e-01,-8.480919797828043727e-01,-8.305329572285538031e-01,-8.050781711265732055e-01,-7.647790909449150298e-01,-7.134085449176983396e-01,-6.712285967502106265e-01,-6.309770237603650189e-01,-5.767672813370035012e-01,-5.270500479866082610e-01,-4.674886587996296416e-01,-4.315519294850898024e-01,-4.058774481135956069e-01,-3.701273560994582934e-01,-3.349387410353351635e-01,-3.083864312099164895e-01,-2.932997932495797766e-01,-2.563626043484228956e-01,-2.419236096680210946e-01,-2.362154121183191735e-01,-2.193181332788614046e-01,-1.970275707480321492e-01,-1.911421481165790914e-01,-1.816387885592146978e-01
-9.900274517583683709e-01,-9.853887630936188913e-01,-9.706866543613602571e-01,-9.581145741337656618e-01,-9.533834123714347575e-01,-9.486097518813491059e-01,-9.477301707701533129e-01,-9.356264745181218645e-01,-9.362841519500347820e-01,-9.217796115475030971e-01,-9.107574061014762634e-01,-8.908931387232196242e-01,-8.729538003258804357e-01,-8.595757027146547768e-01,-8.491841160327413540e-01,-8.163201532777450975e-01,-7.917327210977139762e-01,-7.524620922979797788e-01,-7.130892922124306699e-01,-6.521459466727145271e-01,-6.124295176527988493e-01,-5.626036893510988346e-01,-5.159746636727725599e-01,-4.795101862245053082e-01,-4.477424372980222111e-01,-4.050012292639026401e-01,-3.765554031469792728e-01,-3.448018121446778661e-01,-3.158978458307002413e-01,-2.895233776668481585e-01,-2.668911488614321148e-01,-2.418298749379631518e-01,-2.354817806954204729e-01,-2.221431999070569152e-01,-2.158653404812682641e-01
-9.769418189631500216e-01,-9.719984250577936580e-01,-9.634887814878644319e-01,-9.555280831467949376e-01,-9.436747419539075477e-01,-9.402882236982457176e-01,-9.398056523965979681e-01,-9.392403925243539842e-01,-9.379035683866761008e-01,-9.299992778431845908e-01,-9.230800012706512625e-01,-9.104109354630958162e-01,-8.982781364985975570e-01,-8.819081861443579529e-01,-8.649804883554289558e-01,-8.480329092996888862e-01,-8.206132239845729259e-01,-7.934547707852362963e-01,-7.633991730080877947e-01,-7.178644729147775072e-01,-6.774866117912563546e-01,-6.384881615748381201e-01,-5.907618779761369954e-01,-5.481506444918471388e-01,-5.106528801970485754e-01,-4.837880793410536673e-01,-4.279099279192067895e-01,-4.015957443815614258e-01,-3.752333033653563188e-01,-3.535714173211672029e-01,-3.266149876151339115e-01,-2.876123963818415508e-01,-2.694508192290526183e-01,-2.570958276718343094e-01,-2.416590292635551196e-01
-9.727648988647481509e-01,-9.703296926102183972e-01,-9.624729623945035284e-01,-9.520177442363622067e-01,-9.402738744228987811e-01,-9.392988068564630533e-01,-9.345067377584753698e-01,-9.364216479385247816e-01,-9.362309140825282316e-01,-9.278522932935804324e-01,-9.254758860600245107e-01,-9.121620650352607607e-01,-9.039157667742618862e-01,-8.945311352298433993e-01,-8.783212330320543382e-01,-8.700625273185889075e-01,-8.584498543033417528e-01,-8.301469009670028321e-01,-8.120514952067220404e-01,-7.624732985393258833e-01,-7.369763268145438362e-01,-6.971379725808589667e-01,-6.677897773053356190e-01,-6.210204629093153406e-01,-5.738672604596094518e-01,-5.249580166846576912e-01,-4.754518109332823705e-01,-4.493649397174195870e-01,-4.178879085916155645e-01,-3.939362685490638283e-01,-3.607417562650392373e-01,-3.310938255380732609e-01,-3.110231793939476908e-01,-2.966448520585549531e-01,-2.719577283627976905e-01
-9.615455976811922989e-01,-9.594727210365477932e-01,-9.526477987031281014e-01,-9.436826453963628181e-01,-9.298588329554695608e-01,-9.285683589181882303e-01,-9.244890375847771846e-01,-9.247588782590957512e-01,-9.273317041997055643e-01,-9.254172558822724159e-01,-9.243316911650061307e-01,-9.152715435432541291e-01,-9.053547348891902713e-01,-9.003152809901960874e-01,-8.902939195566580421e-01,-8.760286700187991382e-01,-8.663021219945573614e-01,-8.628613000116334142e-01,-8.573537533405602984e-01,-8.274213220701351901e-01,-7.966909273454509943e-01,-7.629682885668579440e-01,-7.226402271107676967e-01,-6.736064457890243995e-01,-6.434082789833948102e-01,-5.892240757808389073e-01,-5.448130535122461815e-01,-5.076563885444075330e-01,-4.786599465668383013e-01,-4.438534220885526627e-01,-4.072060817501381713e-01,-3.704842366167933054e-01,-3.442425943747596251e-01,-3.248166996114868477e-01,-3.091802708832036561e-01
-9.377934893384193282e-01,-9.446680952134149933e-01,-9.370832956207114650e-01,-9.283777279298303098e-01,-9.194839624248734022e-01,-9.175942464488773265e-01,-9.137229157179921346e-01,-9.132501282845715274e-01,-9.144634968860430035e-01,-9.130240046021619316e-01,-9.183626267095277296e-01,-9.124080035762581753e-01,-9.097630165947021563e-01,-8.996663490231652238e-01,-9.000902787704644359e-01,-8.878408741003397386e-01,-8.788007409311384688e-01,-8.731952596375693876e-01,-8.671626649890534777e-01,-8.639638231896600296e-01,-8.385916615951595210e-01,-8.213837510207466774e-01,-7.781711154530845942e-01,-7.267088057302667492e-01,-6.885351195197145779e-01,-6.531477737563694541e-01,-6.258171461867580998e-01,-5.797716878073495561e-01,-5.471744681419421497e-01,-5.005375073532867258e-01,-4.542683625584971185e-01,-4.264758732468745261e-01,-3.985885049030006844e-01,-3.718861100989728219e-01,-3.467653898006263780e-01
-9.092137155880702926e-01,-9.188417202468417422e-01,-9.118785755508544977e-01,-9.039979305478673677e-01,-8.961125504161078226e-01,-8.928240823359760991e-01,-8.928211959813283638e-01,-8.940663479051975671e-01,-8.917286009965897930e-01,-8.933269929463978354e-01,-9.010323188227180591e-01,-8.976514726080301321e-01,-8.975782488458418085e-01,-8.977995489530793405e-01,-9.015513796457469420e-01,-8.870798375761773658e-01,-8.793619750146436376e-01,-8.692069887222895197e-01,-8.612415502365322606e-01,-8.528303367159886239e-01,-8.420036370208032750e-01,-8.335493062193797265e-01,-8.071246067747841479e-01,-8.073246194215374372e-01,-7.521378218458253384e-01,-7.191217859327869721e-01,-6.819756059714474627e-01,-6.401775716513240511e-01,-6.063375466097790101e-01,-5.741636921558291862e-01,-5.436444742124301177e-01,-4.997347037981196283e-01,-4.556471583453579055e-01,-4.331286330713912669e-01,-3.922875647875345706e-01
-8.811146405159827610e-01,-8.877294606099294105e-01,-8.822188570135145458e-01,-8.758007260016680284e-01,-8.749340889664717347e-01,-8.701062814973957726e-01,-8.711979493815482645e-01,-8.785464953993995518e-01,-8.773760660695903990e-01,-8.786453227399060317e-01,-8.889773481100322616e-01,-8.876150155454912705e-01,-8.915867322533170825e-01,-8.892669820640271006e-01,-8.864798551590248321e-01,-8.799226124904018231e-01,-8.668627964186933488e-01,-8.558753686229676472e-01,-8.570573567071233523e-01,-8.472473505240845082e-01,-8.441211900927745315e-01,-8.322287032594226641e-01,-8.205220402616794084e-01,-8.019987695229798819e-01,-7.786671726790227455e-01,-7.535936572554754465e-01,-7.222010109673878686e-01,-6.849396709957600304e-01,-6.306072899080237271e-01,-6.115996603020101841e-01,-5.718611189795225203e-01,-5.425294940317613168e-01,-5.189866731374731534e-01,-4.867472215147138348e-01,-4.484277189029217126e-01
-8.619096992987791417e-01,-8.764463885741633487e-01,-8.744208968899637169e-01,-8.669500557974045840e-01,-8.609389758572298934e-01,-8.491283370105442430e-01,-8.444603417122387157e-01,-8.573656934177890099e-01,-8.547804649438816016e-01,-8.564644059182598967e-01,-8.607622128309101450e-01,-8.678849471803203874e-01,-8.697772920348300074e-01,-8.727516648679736200e-01,-8.695117501839066954e-01,-8.623689229105497844e-01,-8.614972934318818609e-01,-8.543625034844012367e-01,-8.475373308163670627e-01,-8.393273743050234659e-01,-8.411869468050531262e-01,-8.362048778277103578e-01,-8.190438054245458011e-01,-8.100463198337887194e-01,-7.942207293137284463e-01,-7.720836984915403489e-01,-7.427966458801674721e-01,-7.214430427536652202e-01,-6.899523288716676861e-01,-6.440481424742695582e-01,-6.027430584760755661e-01,-5.713028514420627202e-01,-5.522162526062067700e-01,-5.271390931506614308e-01,-4.871228291940402078e-01
-8.547478317327946717e-01,-8.702083580804247376e-01,-8.693745445546637862e-01,-8.632034003800662658e-01,-8.596517621581521995e-01,-8.531683570183220544e-01,-8.517702524438862666e-01,-8.554840835553081391e-01,-8.485644334631804453e-01,-8.505335262679054598e-01,-8.438239003481931011e-01,-8.506972601842154313e-01,-8.550991279090981445e-01,-8.560329029590616479e-01,-8.559266894342473231e-01,-8.547567872089020247e-01,-8.443733664269887917e-01,-8.437539305286609892e-01,-8.429067294514835940e-01,-8.223241003407557592e-01,-8.262720312148780222e-01,-8.182200073629058990e-01,-8.178337584210116917e-01,-8.072628716811902638e-01,-8.029388263941840131e-01,-7.880407346915265787e-01,-7.700067721784205066e-01,-7.429220881850138181e-01,-7.069992138737299925e-01,-6.792230189098950044e-01,-6.365047016182066031e-01,-6.141770749199041424e-01,-5.841268884515119497e-01,-5.602883526749050658e-01,-5.502030070670542727e-01
-8.326757118656079593e-01,-8.426838936343800102e-01,-8.505513555966840444e-01,-8.444936138620056099e-01,-8.400628496055801975e-01,-8.320388871318025181e-01,-8.299787725942133765e-01,-8.278373054559311495e-01,-8.347541127336368660e-01,-8.356705966394575302e-01,-8.337159108016538589e-01,-8.420503249650913569e-01,-8.434448995748922151e-01,-8.402986544181203499e-01,-8.453910741768806414e-01,-8.438448046523880919e-01,-8.406707901253214210e-01,-8.367253691632453583e-01,-8.359528898091502791e-01,-8.331669570786780499e-01,-8.279890452512579380e-01,-8.210362363043770539e-01,-8.112705367766167575e-01,-8.089013941322499290e-01,-8.035067353466813778e-01,-7.893270290650253873e-01,-7.837166000598571047e-01,-7.623587486334048036e-01,-7.456015244845006773e-01,-7.136818563415531225e-01,-6.733463759932581949e-01,-6.500781732797042967e-01,-6.279810810380771491e-01,-6.026636924887085467e-01,-5.761986578983093743e-01
-8.195737915168573862e-01,-8.308036758748250650e-01,-8.396409247406112497e-01,-8.341443518772478916e-01,-8.276354446248053165e-01,-8.195672560418179042e-01,-8.159275975384832069e-01,-8.184168377959649687e-01,-8.219034526379992434e-01,-8.248318133411439712e-01,-8.242835293180639233e-01,-8.324532872399910133e-01,-8.284945738806056559e-01,-8.244874110029796199e-01,-8.243584497779145037e-01,-8.242771477387664802e-01,-8.300995550733903938e-01,-8.234028227621952301e-01,-8.258594543155335366e-01,-8.313764402490594341e-01,-8.267660640578636810e-01,-8.116224539561756046e-01,-8.137126793582960538e-01,-8.136393295558870253e-01,-8.108752950008836224e-01,-8.061850271455768269e-01,-7.912264286671838454e-01,-7.873691243240094062e-01,-7.687138081345226137e-01,-7.344975688003060332e-01,-7.152071942236070123e-01,-6.947882143209594963e-01,-6.719896573430690356e-01,-6.377389824120740514e-01,-6.081673955660775732e-01
-8.086548417348736750e-01,-8.182951149179039652e-01,-8.239187515950768814e-01,-8.194320455878988385e-01,-8.077869800757675467e-01,-7.990696302436095522e-01,-8.012468881752160543e-01,-8.026595115128366542e-01,-8.064692615134377851e-01,-8.097722768379229663e-01,-8.103688254080276820e-01,-8.118576580484013760e-01,-8.211485430134126684e-01,-8.185926064882556030e-01,-8.193839116484935570e-01,-8.255357132864162839e-01,-8.256845945083426397e-01,-8.237970474629394690e-01,-8.282131873848120884e-01,-8.337327763691040339e-01,-8.276072340354090340e-01,-8.195045391403262824e-01,-8.247518273101696051e-01,-8.107583557331280444e-01,-8.088513611675837156e-01,-8.013656172562667601e-01,-7.923910291653654125e-01,-7.895639820272870590e-01,-7.756949070002374658e-01,-7.676233268626011519e-01,-7.352625464708062442e-01,-7.041481730538307060e-01,-6.918414839150555107e-01,-6.757721501037228240e-01,-6.353185632055284859e-01
-7.914737901078477966e-01,-7.996493784842667596e-01,-8.053095589653159747e-01,-8.038120627212522740e-01,-7.971974406081402398e-01,-7.892873533951741960e-01,-7.840003910840328549e-01,-7.830249553938168905e-01,-7.773347443932271394e-01,-7.863671909904921264e-01,-7.916581661515386115e-01,-7.991098572834498537e-01,-8.062424817965628820e-01,-8.166686747626218379e-01,-8.102718114420899287e-01,-8.095747144044728172e-01,-8.082868826875861945e-01,-8.063168179229248667e-01,-8.093861250982782307e-01,-8.129442001559508135e-01,-8.113049587019103281e-01,-8.042863143269769477e-01,-8.053467004998864365e-01,-8.026363490016540370e-01,-7.939762443114567469e-01,-7.915799139569609233e-01,-7.761920204310830407e-01,-7.813582514322772177e-01,-7.831685196729782916e-01,-7.621666847067783968e-01,-7.544550788051131995e-01,-7.231172976783030171e-01,-7.102864818811258640e-01,-7.031007122212095117e-01,-6.697841447535680670e-01
-7.740097585494364330e-01,-7.766334955034036591e-01,-7.846153985008660348e-01,-7.903225387982877326e-01,-7.796070887482681178e-01,-7.694462096477154844e-01,-7.644019796931146304e-01,-7.615318681383888011e-01,-7.661948597974763686e-01,-7.680059562690241259e-01,-7.723395713818093089e-01,-7.790099149882135920e-01,-7.858160981264509237e-01,-7.909857461267806311e-01,-7.891822256338845154e-01,-7.910999918912275941e-01,-7.983650266014440389e-01,-7.996159098921138408e-01,-7.984453667222431994e-01,-7.977530336429927704e-01,-8.020134543847269315e-01,-7.905204989324507991e-01,-7.944990724257284809e-01,-7.902886542872157305e-01,-7.882384438199424581e-01,-7.836921699660485130e-01,-7.760604304570819512e-01,-7.824219032554071696e-01,-7.838965306605523153e-01,-7.731864248994392286e-01,-7.533464328897330198e-01,-7.345747100218820158e-01,-7.170126897446669201e-01,-7.091193726959694743e-01,-6.868771271536356915e-01
-7.594425860887863422e-01,-7.629076491349079392e-01,-7.732140061636050277e-01,-7.749818351224979640e-01,-7.764779359438237494e-01,-7.660663467304500429e-01,-7.656233652435653347e-01,-7.547029079690233955e-01,-7.539479309347059122e-01,-7.559979637049507595e-01,-7.618464442007849557e-01,-7.682352830779480835e-01,-7.713178775190977499e-01,-7.798642403365336762e-01,-7.757918396742905509e-01,-7.807063655238341005e-01,-7.891230959176914750e-01,-7.902544908350025432e-01,-7.885354427603915584e-01,-7.916697435335737776e-01,-7.968536920100002252e-01,-7.866784633537799998e-01,-7.867452758028712356e-01,-7.841516672011152878e-01,-7.802840192864087809e-01,-7.741224816220028115e-01,-7.658439289680082362e-01,-7.736539743126561453e-01,-7.727775352988240920e-01,-7.756846198638025491e-01,-7.619459289611744124e-01,-7.573885240754166803e-01,-7.369717856467267181e-01,-7.372554946115592589e-01,-7.232475242549752936e-01
-7.475752753643574167e-01,-7.476325813502620043e-01,-7.605549442257871773e-01,-7.636254086427507470e-01,-7.604367848025345156e-01,-7.499769364489410339e-01,-7.424124545473125281e-01,-7.438883407531149405e-01,-7.474501273640319354e-01,-7.492513621661731626e-01,-7.583790556302405506e-01,-7.661826876834115785e-01,-7.667700995556140375e-01,-7.765553720834211804e-01,-7.753820543733627169e-01,-7.854959721162019237e-01,-7.938452787787871889e-01,-7.954639284438140834e-01,-7.994539802145379515e-01,-8.026851693855217018e-01,-8.034812959634923812e-01,-7.983313431893656054e-01,-7.983713366456109961e-01,-7.925145580593297989e-01,-7.847106843258562225e-01,-7.826856521593080762e-01,-7.774858409900463618e-01,-7.727996669996595180e-01,-7.753876697638578674e-01,-7.730315727883102506e-01,-7.638838872585536066e-01,-7.463139331927861608e-01,-7.343505674864504451e-01,-7.207461101640660894e-01,-7.166973881211994302e-01
-7.403855087205986063e-01,-7.347753967551720056e-01,-7.467688866318255014e-01,-7.502622337109585704e-01,-7.494763673586694042e-01,-7.415901974634757643e-01,-7.339477468767747759e-01,-7.297487702351698191e-01,-7.362253628642795311e-01,-7.362630965944350070e-01,-7.397220684606863328e-01,-7.483595247644150295e-01,-7.499096576245193324e-01,-7.591032245934276057e-01,-7.668989497751701467e-01,-7.726779766525248005e-01,-7.696152470913519839e-01,-7.697877676477333786e-01,-7.746979649931784451e-01,-7.783400816265567679e-01,-7.874593456946518133e-01,-7.890031529808164690e-01,-7.971570819386061268e-01,-7.932515022694490714e-01,-7.916224751685182470e-01,-7.968449475517858094e-01,-7.923958956589474134e-01,-7.818293744282631685e-01,-7.844348861733516642e-01,-7.844014632345704952e-01,-7.781830073537305825e-01,-7.589952918905963353e-01,-7.520014953586631190e-01,-7.366170141295668161e-01,-7.246902223319139358e-01
-7.376462992737216062e-01,-7.273453732894877843e-01,-7.443776130716506234e-01,-7.482400037308615248e-01,-7.466004421785598089e-01,-7.388020201577192303e-01,-7.319419305330214787e-01,-7.270146527226750699e-01,-7.242681267008060919e-01,-7.250180148518188261e-01,-7.278472784558487341e-01,-7.301786239061509587e-01,-7.261025511681035161e-01,-7.437904543408856428e-01,-7.427296534150956697e-01,-7.442765053998785518e-01,-7.410945579454959464e-01,-7.507537139289919281e-01,-7.547435588738264922e-01,-7.588332155261769962e-01,-7.682307017552859607e-01,-7.730854939892973787e-01,-7.791355476948014225e-01,-7.787778594474392690e-01,-7.775170415313484851e-01,-7.719078485176833482e-01,-7.811691995128585697e-01,-7.819676170666165493e-01,-7.746222898232295595e-01,-7.757717550509988236e-01,-7.732380208159245205e-01,-7.604746627093634803e-01,-7.538268924079990496e-01,-7.460013036802997100e-01,-7.339893465993339028e-01
-7.132291188195317710e-01,-7.001874839168236164e-01,-7.185293838863621163e-01,-7.241243579725683555e-01,-7.232521281501917976e-01,-7.163714402111924784e-01,-7.080165265590325774e-01,-7.022152937801333650e-01,-6.981204023337311826e-01,-6.998487638846051517e-01,-6.954643287849336941e-01,-7.006160739769212720e-01,-7.092545021026331886e-01,-7.258558919556640232e-01,-7.293096385043472685e-01,-7.257666456580350589e-01,-7.335079735230366493e-01,-7.448124090383336782e-01,-7.342239547214014506e-01,-7.350930841423412021e-01,-7.562067566503221094e-01,-7.593262424795453880e-01,-7.618275173581782189e-01,-7.741705475310304285e-01,-7.709856583881148362e-01,-7.666811965902085024e-01,-7.680149806436028515e-01,-7.740881097477976258e-01,-7.767149768124966824e-01,-7.743709268744233265e-01,-7.742056657366591654e-01,-7.683617060777743202e-01,-7.640821757448248430e-01,-7.587748360060707631e-01,-7.490332409529815161e-01
-6.894923668481296453e-01,-6.787414889561536047e-01,-6.927041602033068290e-01,-7.000602756445850616e-01,-7.001226164236113991e-01,-6.945989799001960341e-01,-6.853744210893525368e-01,-6.791416850450808784e-01,-6.748803951654794853e-01,-6.759263729932442066e-01,-6.770634820701023626e-01,-6.807555321751129762e-01,-6.834938345786624181e-01,-6.870543201651538867e-01,-7.005432300337380846e-01,-7.034563156265180028e-01,-6.995726190513698040e-01,-7.181338911675475556e-01,-7.228494074298875693e-01,-7.186804882366180092e-01,-7.334205165084074496e-01,-7.374660690917463901e-01,-7.445302138687359683e-01,-7.559870881080176241e-01,-7.659264567783283795e-01,-7.645352405233614146e-01,-7.663517337054025491e-01,-7.554961291503954346e-01,-7.653282009515915973e-01,-7.650957286959435555e-01,-7.688488408343900904e-01,-7.637613930368776227e-01,-7.564385122732415478e-01,-7.607320854621616446e-01,-7.576645814539632040e-01
-6.791624486459553189e-01,-6.692097918201131979e-01,-6.815645964202059481e-01,-6.922370009623842746e-01,-6.951334497918948419e-01,-6.906801709647353293e-01,-6.815894451953419253e-01,-6.743469491336245847e-01,-6.697174128090079837e-01,-6.693122157874562550e-01,-6.698057491224429505e-01,-6.724084274994170940e-01,-6.756609681048524330e-01,-6.776114947243889741e-01,-6.916616834495376009e-01,-6.955478587695363979e-01,-6.920488589070459273e-01,-7.110425733210168353e-01,-7.052268051530944382e-01,-7.046703108566928497e-01,-7.157987655722316545e-01,-7.255552936170256428e-01,-7.303713729174524660e-01,-7.360166188188801417e-01,-7.508747594281486304e-01,-7.510205223522641305e-01,-7.536619784198208549e-01,-7.467424524430037458e-01,-7.566238893815233624e-01,-7.583093211766291919e-01,-7.659550404593266082e-01,-7.606077261838402048e-01,-7.548765665070258368e-01,-7.539356129527073902e-01,-7.456511055596746207e-01
-6.850640783539615475e-01,-6.720590116253494228e-01,-6.807028568996432716e-01,-6.933342072000218126e-01,-6.966479517475223648e-01,-6.937753865904372486e-01,-6.861766483158432406e-01,-6.798617111422953219e-01,-6.742585089933085252e-01,-6.721931349562686453e-01,-6.728195035610060604e-01,-6.741668587265345902e-01,-6.752018713062442057e-01,-6.776521896448420845e-01,-6.917036432070037266e-01,-6.973836412157548015e-01,-6.929889970104672337e-01,-7.072355736014186434e-01,-6.997199615419980034e-01,-7.087860255161505529e-01,-7.158057992993556162e-01,-7.122398662813316239e-01,-7.253392786904708789e-01,-7.277304529107918585e-01,-7.391527761060188162e-01,-7.457417455439108167e-01,-7.468999278648419393e-01,-7.469720741233993877e-01,-7.467089129873394349e-01,-7.472989528090170364e-01,-7.525916108720848152e-01,-7.547766564550353330e-01,-7.468167790064116351e-01,-7.452013815585570855e-01,-7.353961448281595148e-01
-6.668988662530378475e-01,-6.560548866439428473e-01,-6.601787492903752330e-01,-6.756583352486941196e-01,-6.791939686483728922e-01,-6.769921956687046105e-01,-6.723915219928207065e-01,-6.657638180723308707e-01,-6.601771557483075981e-01,-6.569978289244178260e-01,-6.579139803407250131e-01,-6.585240411452346621e-01,-6.623051635666633574e-01,-6.645040645598794260e-01,-6.788434294398572044e-01,-6.859592482260691293e-01,-6.791855298424059884e-01,-6.874805632165310598e-01,-6.847253134630530980e-01,-6.875497260171505864e-01,-7.004866396702029707e-01,-6.965100384292768343e-01,-7.057214546590239168e-01,-7.080466739728411563e-01,-7.158391488275825942e-01,-7.267170292300297874e-01,-7.351809879707210671e-01,-7.312749642137440498e-01,-7.356246973268033562e-01,-7.441397481387147517e-01,-7.367213094514277749e-01,-7.327738319745997764e-01,-7.309995526433112900e-01,-7.314702044809234804e-01,-7.297241283768740594e-01
-6.606195165638055755e-01,-6.500043123765475439e-01,-6.503818776349199471e-01,-6.680288919731739439e-01,-6.731684520359439983e-01,-6.702372060200679771e-01,-6.616102297490951134e-01,-6.559163338195047599e-01,-6.497808807772965656e-01,-6.464322515896754329e-01,-6.530593079867286210e-01,-6.607479986758226786e-01,-6.704231297312701621e-01,-6.721291867988390401e-01,-6.736762493805762420e-01,-6.748333111205315760e-01,-6.822283044216655989e-01,-6.860900092743480450e-01,-6.746637504371627569e-01,-6.720538927824379893e-01,-6.759098144694950516e-01,-6.787440445405138467e-01,-6.813259312768268350e-01,-6.829976624158095033e-01,-6.928408412400595129e-01,-7.029610279314840726e-01,-7.102962130981322897e-01,-7.089026701783649465e-01,-7.144590726274606673e-01,-7.206148317361894540e-01,-7.382887770979745801e-01,-7.181043210808268906e-01,-7.199389106063273092e-01,-7.270472992626682007e-01,-7.215055998886182875e-01
-6.403601710780210121e-01,-6.289430369756027206e-01,-6.273838319655853368e-01,-6.439336403538880038e-01,-6.511573830687955589e-01,-6.498550728812438892e-01,-6.451493010888238455e-01,-6.390378591726979529e-01,-6.328910876530186025e-01,-6.295634179780791317e-01,-6.352804914460041807e-01,-6.343594213176682040e-01,-6.364961325673627046e-01,-6.392617462438421327e-01,-6.394885339075921937e-01,-6.398778970610639050e-01,-6.445359924812976704e-01,-6.546512085362049538e-01,-6.429437408098359619e-01,-6.457548090467813973e-01,-6.668542611228001071e-01,-6.699409508592835127e-01,-6.836457422091606340e-01,-6.833876439218953269e-01,-7.052914982328323257e-01,-6.986780744031445556e-01,-7.001131619251067528e-01,-7.021045259600626753e-01,-6.989647679434676242e-01,-7.167546508490978407e-01,-7.182022697698230429e-01,-7.256101814056956645e-01,-7.261957785887601657e-01,-7.295273763592586835e-01,-7.210357367728148503e-01
-6.217804436244426247e-01,-6.066347046875397719e-01,-6.065381805697253048e-01,-6.226519575568624232e-01,-6.294906981711874128e-01,-6.295340203708498228e-01,-6.253580180083733175e-01,-6.192327731699246440e-01,-6.140482208628790239e-01,-6.102565275503882836e-01,-6.150017407332881714e-01,-6.081007681459659198e-01,-6.100131912015691604e-01,-6.131156005739404335e-01,-6.137403594806963847e-01,-6.106650028709713629e-01,-6.205485787186298952e-01,-6.324764428054946430e-01,-6.258278590287363885e-01,-6.352103007770750764e-01,-6.563120147329897236e-01,-6.588288034603584364e-01,-6.668443044106916462e-01,-6.692518447416014871e-01,-6.812504609787761733e-01,-6.725191802527994422e-01,-6.807137981907444013e-01,-6.898901702034868633e-01,-6.868632130567081662e-01,-6.912981146766776774e-01,-7.180751932633486767e-01,-7.343101980793563799e-01,-7.331223575945676751e-01,-7.406752748267437791e-01,-7.402576329569628966e-01
-6.042656985707006712e-01,-5.975255280210888253e-01,-5.989838799602603681e-01,-6.114973101442207071e-01,-6.196470757560935683e-01,-6.203261338595559282e-01,-6.171269232535613325e-01,-6.113849635195683918e-01,-6.054384779915156223e-01,-6.027203701303445182e-01,-6.005216114805671523e-01,-6.001273948310741346e-01,-6.018048217801627020e-01,-6.042510824845109818e-01,-6.002451570423724680e-01,-6.016164202291190977e-01,-6.130386017225966100e-01,-6.200175108435563853e-01,-6.175556008560383336e-01,-6.253283008891993289e-01,-6.381553791734467795e-01,-6.415121328597066519e-01,-6.460171189074563891e-01,-6.446488184998818705e-01,-6.566074341647523127e-01,-6.681037771061560937e-01,-6.643837395541259960e-01,-6.611907974238370178e-01,-6.649239341887033250e-01,-6.888902157725552700e-01,-6.877505338768317156e-01,-6.935183485328146880e-01,-6.921788419865092523e-01,-7.071940280239970011e-01,-7.151023179476919678e-01
-5.886352349384439409e-01,-5.879884234577927860e-01,-5.910668105627963076e-01,-6.027704518613725693e-01,-6.121015726974290416e-01,-6.128456284334967696e-01,-6.114912059630034369e-01,-6.061819489923082616e-01,-5.995057520051274569e-01,-5.966129390167121960e-01,-5.899205808126344319e-01,-5.888396802085881232e-01,-5.886832592881922066e-01,-5.921902876207885136e-01,-5.846548609979529409e-01,-5.870582737458935885e-01,-5.902591196391466788e-01,-6.002611077033974674e-01,-6.092775799589700281e-01,-6.117753538959214143e-01,-6.180911698874805849e-01,-6.165019948502310498e-01,-6.292721121432945930e-01,-6.272912423952790029e-01,-6.332207193221948138e-01,-6.398543497083087894e-01,-6.404451370374270036e-01,-6.344378647838618823e-01,-6.379230907947821549e-01,-6.667278805073725279e-01,-6.805170289684588925e-01,-6.947894726184649095e-01,-6.914125507370834089e-01,-7.061136661995381925e-01,-7.136704915157533469e-01
-5.692191600460716483e-01,-5.813230560690421100e-01,-5.842409054224720899e-01,-5.941419632608541113e-01,-6.051935419715755993e-01,-6.062161210330294647e-01,-6.051972391937389117e-01,-6.000279975400027999e-01,-5.942466362118573597e-01,-5.900742396683434920e-01,-5.834087856145575568e-01,-5.855071707330028463e-01,-5.816477114024314332e-01,-5.884780937269821210e-01,-5.845661581872674262e-01,-5.869670910931167329e-01,-5.903530176353868342e-01,-6.001537543777787365e-01,-6.105163863373023192e-01,-6.189234201672668689e-01,-6.192271681446597231e-01,-6.151177894459531892e-01,-6.260362913871708734e-01,-6.284315055799255534e-01,-6.395558494365013447e-01,-6.366806339646129409e-01,-6.368136462654770957e-01,-6.318546514606709907e-01,-6.301907786612677143e-01,-6.516433776376473475e-01,-6.522422063212059973e-01,-6.758195581043109357e-01,-6.727532660987198820e-01,-6.760770291990531033e-01,-6.983111840468163578e-01
-5.557056368593763507e-01,-5.770235153876891454e-01,-5.780980235002999290e-01,-5.865915162543093864e-01,-5.986483694921358456e-01,-6.012042384957108077e-01,-6.013535323088703421e-01,-5.958375406040109512e-01,-5.892407817421609906e-01,-5.856068030443766226e-01,-5.789140375718454523e-01,-5.751060365832637578e-01,-5.754353948573958100e-01,-5.776063850123548393e-01,-5.780128156220594171e-01,-5.853614743784082419e-01,-5.883136141358039639e-01,-5.956865896815740635e-01,-5.965932974053043125e-01,-5.954005882203400324e-01,-5.925153334783268555e-01,-5.952398717308051701e-01,-5.986508676629883619e-01,-6.012405771234030638e-01,-6.128410391701634152e-01,-6.117106809003048928e-01,-6.145922428316011876e-01,-6.145669586228048598e-01,-6.182039059692993055e-01,-6.244258480526675426e-01,-6.269629094045239270e-01,-6.386400601204010874e-01,-6.313276589249487980e-01,-6.407571972870753640e-01,-6.565344210499123312e-01
-5.382012799067351638e-01,-5.677390377320348236e-01,-5.629118687614617089e-01,-5.708532854649480681e-01,-5.829096616091107297e-01,-5.869826028889355563e-01,-5.943823971377913962e-01,-5.887339564284518323e-01,-5.826835353573820431e-01,-5.785669707612863810e-01,-5.761493365464791516e-01,-5.718978811905096604e-01,-5.725755785387643959e-01,-5.745342221823400708e-01,-5.746273217845178083e-01,-5.817217288471704384e-01,-5.853374266778743618e-01,-5.861476276596006008e-01,-5.860342684528293544e-01,-5.875634828619350492e-01,-5.924664506711978529e-01,-5.999267540808266297e-01,-5.959618549526823905e-01,-5.986351490752636062e-01,-5.978918357390428095e-01,-6.055503239872626065e-01,-6.084759366506060640e-01,-6.075548060979628628e-01,-6.191589677430113792e-01,-6.164767708871357055e-01,-6.191473599890841006e-01,-6.212798202681198978e-01,-6.278785969176673420e-01,-6.380005136278298350e-01,-6.417041353179568919e-01
-5.211521511870398360e-01,-5.504274354777035638e-01,-5.484177791406784630e-01,-5.558732692063890202e-01,-5.679203263648417987e-01,-5.726861142954058348e-01,-5.795280603373496042e-01,-5.734062716019756589e-01,-5.677844077900650044e-01,-5.633730253729105630e-01,-5.610903322634065438e-01,-5.565244042719674766e-01,-5.574510636562218791e-01,-5.601853312332946144e-01,-5.672236432717178145e-01,-5.735878043450830521e-01,-5.779477102699175362e-01,-5.814290502510334191e-01,-5.756289495203138484e-01,-5.839937183337082782e-01,-5.868668565805320592e-01,-5.985627752531013090e-01,-5.954464969185795375e-01,-5.985922463232600244e-01,-5.970070916142208306e-01,-6.045535625769217214e-01,-6.027891974461973001e-01,-6.033257127571499678e-01,-6.130948534027759189e-01,-6.128650801495697520e-01,-6.110850237575188304e-01,-6.128121524065652803e-01,-6.193368096543305779e-01,-6.280642944059395827e-01,-6.230047958668930574e-01
-5.160401784371142497e-01,-5.430255567113133619e-01,-5.439427358617543451e-01,-5.502257338254707975e-01,-5.626910477745397099e-01,-5.685229065143598826e-01,-5.688027972426757950e-01,-5.612303919512343642e-01,-5.550779973712547388e-01,-5.503136513457945744e-01,-5.491499986448821202e-01,-5.559739404883118352e-01,-5.565293532305828350e-01,-5.578728505399765947e-01,-5.574300985430232780e-01,-5.584969920039815072e-01,-5.621334736185221725e-01,-5.623649243712355306e-01,-5.541885459358936172e-01,-5.609968029074959839e-01,-5.674833940675912958e-01,-5.828587173117547593e-01,-5.829832823459483171e-01,-5.946575798461792850e-01,-5.997669326245812504e-01,-6.034839738076519522e-01,-5.981225828670836409e-01,-5.927736435887287492e-01,-6.018677935584552108e-01,-6.013611582250620868e-01,-6.004182821765335909e-01,-6.084393513330655923e-01,-6.200123779711768091e-01,-6.199118803447797310e-01,-6.145903838654318552e-01
-5.080294937824323398e-01,-5.369318431628105071e-01,-5.439057893683491018e-01,-5.486042715730070629e-01,-5.619583498567535251e-01,-5.679188043838623301e-01,-5.699798877002461017e-01,-5.616397708475527883e-01,-5.568133778987180982e-01,-5.523213860103129980e-01,-5.551039505537821439e-01,-5.609763162792763547e-01,-5.612173505753722536e-01,-5.625128410744779650e-01,-5.582988508882482659e-01,-5.582036995330941220e-01,-5.608374426455843276e-01,-5.598404409027714079e-01,-5.544715814256397923e-01,-5.606047716015487570e-01,-5.541647035358356899e-01,-5.636654122515991627e-01,-5.647679558323820403e-01,-5.690179424146323273e-01,-5.714644688261443228e-01,-5.762461547286226171e-01,-5.812029013711665915e-01,-5.770221581344003869e-01,-5.920868619936048294e-01,-5.855864719343131242e-01,-5.905159092393722498e-01,-5.970559054957361722e-01,-5.994276170406821480e-01,-6.026911873264878539e-01,-5.981839052803711310e-01
-5.052315350941223304e-01,-5.275714732801964901e-01,-5.362132835790167640e-01,-5.463322996724555569e-01,-5.606638126025347280e-01,-5.666108997143439741e-01,-5.687287963336101759e-01,-5.651227810962008435e-01,-5.607554130229458478e-01,-5.562025697452093187e-01,-5.590351479319564110e-01,-5.592492512537775573e-01,-5.593441796449870607e-01,-5.606186414572601473e-01,-5.579387756642163465e-01,-5.585564100194836401e-01,-5.609087872123369456e-01,-5.602449721192800380e-01,-5.544227883119492439e-01,-5.608371808358761923e-01,-5.579734579869630728e-01,-5.506238827432455851e-01,-5.577425498256939340e-01,-5.658784900557976005e-01,-5.700670348673726462e-01,-5.772385343789045997e-01,-5.807847775725348827e-01,-5.796889969262688513e-01,-5.804276195506657965e-01,-5.779319504240453265e-01,-5.864967242943943670e-01,-5.918209089946648849e-01,-5.888898775818159903e-01,-5.977442218089172865e-01,-5.998164200086903985e-01
-4.776904159843212705e-01,-4.946965174539745824e-01,-5.100402466138908020e-01,-5.203656126329889720e-01,-5.309474252456871657e-01,-5.381486898571919975e-01,-5.405985890946884975e-01,-5.375225786791993920e-01,-5.339167697018425418e-01,-5.299355181449314500e-01,-5.315398195880643994e-01,-5.300782880718940548e-01,-5.298637854587407992e-01,-5.309667532341916241e-01,-5.274007942267104898e-01,-5.345557590037484097e-01,-5.376653158695118284e-01,-5.407125089790160155e-01,-5.314526537750264845e-01,-5.383760719730855682e-01,-5.477399636221050860e-01,-5.441702082628756543e-01,-5.515575531221704741e-01,-5.528986559492089503e-01,-5.570722608540344956e-01,-5.656820363202145208e-01,-5.701104288745735271e-01,-5.649354173093660281e-01,-5.774996715653435420e-01,-5.748538056460296142e-01,-5.820560278226809547e-01,-5.802889282770540280e-01,-5.783988444456866773e-01,-5.822453122568194139e-01,-5.838768289429230318e-01
-4.782355006720306889e-01,-4.930526579911457263e-01,-5.110760866135938274e-01,-5.204648259617068451e-01,-5.299752784893109192e-01,-5.365767902886753316e-01,-5.402757712909483923e-01,-5.373067443983724489e-01,-5.351069513751030016e-01,-5.315523138037746564e-01,-5.361583994918717178e-01,-5.315750766421654117e-01,-5.312024495717120320e-01,-5.367176352223090863e-01,-5.334954397438419482e-01,-5.349367744203527009e-01,-5.375525955371027731e-01,-5.393271909920254181e-01,-5.340536913962711241e-01,-5.427579618524933647e-01,-5.481010988003783835e-01,-5.448901290303996836e-01,-5.525321035537247294e-01,-5.550129642338871294e-01,-5.592306070870090018e-01,-5.675444329697326706e-01,-5.652257221585353930e-01,-5.609962042635859847e-01,-5.571716140592191113e-01,-5.585498965823594286e-01,-5.634241779218881474e-01,-5.692603551860312416e-01,-5.718122518402528609e-01,-5.718330079901834395e-01,-5.742347257391794413e-01
-4.665465977708344592e-01,-4.822833348066045689e-01,-4.995163288881406816e-01,-5.106096285017478476e-01,-5.196769267073734211e-01,-5.290406316683322618e-01,-5.303941754608619830e-01,-5.283888763615816053e-01,-5.252292235171096557e-01,-5.221538969907781880e-01,-5.199479893509615369e-01,-5.135676073682490239e-01,-5.122395201226973560e-01,-5.191581915686052096e-01,-5.156727659179592971e-01,-5.123646206420429117e-01,-5.146197755200830892e-01,-5.162720256529639284e-01,-5.265337222453814192e-01,-5.291351468607025099e-01,-5.209198801638869059e-01,-5.200478555555301252e-01,-5.254868759203661366e-01,-5.285617135457809646e-01,-5.381786358599565112e-01,-5.414397479212645914e-01,-5.490561261640563018e-01,-5.524167205931640456e-01,-5.465582056392280785e-01,-5.553061551799877149e-01,-5.538275605490527997e-01,-5.597625731986430875e-01,-5.571394918158257825e-01,-5.602024101173278536e-01,-5.632518931545640317e-01
-4.630539947848407167e-01,-4.796912925037368769e-01,-5.006610743179480405e-01,-5.112438909048050428e-01,-5.185883546946767897e-01,-5.285795863112239257e-01,-5.303463738453304543e-01,-5.302794904140066823e-01,-5.279807486543982575e-01,-5.296100890323443000e-01,-5.133116109356528067e-01,-5.138621719868293747e-01,-5.126069640557042728e-01,-5.191402925737490515e-01,-5.160574194985971808e-01,-5.168966305445193976e-01,-5.175438201721392906e-01,-5.128785156320542216e-01,-5.178014836459492454e-01,-5.216385133520559103e-01,-5.140395657395877560e-01,-5.100465220952803413e-01,-5.115781730322865872e-01,-5.142665209830874495e-01,-5.281401001386255567e-01,-5.304185526054990829e-01,-5.407474835861070250e-01,-5.430591726221627447e-01,-5.386825386790606851e-01,-5.472611613771853900e-01,-5.452772501368048363e-01,-5.495655778433804484e-01,-5.470292200698868568e-01,-5.483861124974573897e-01,-5.509297481931487717e-01
-4.506622126115212845e-01,-4.711979091211227488e-01,-4.837723187010094517e-01,-4.989606190629102822e-01,-5.053098900824354311e-01,-5.163952077920292982e-01,-5.184432297836291115e-01,-5.189765241191858225e-01,-5.172291476766871510e-01,-5.186206920008473720e-01,-5.015129035144211267e-01,-5.083620569419434743e-01,-5.073146736624736253e-01,-5.155644288702989630e-01,-5.100044990962692149e-01,-5.110606856712525126e-01,-5.124097011996224804e-01,-5.084352675427584733e-01,-5.174491853190095192e-01,-5.217425492867273640e-01,-5.188385661473698951e-01,-5.160076969667658497e-01,-5.181857113298821149e-01,-5.211266097115068163e-01,-5.227906375357005420e-01,-5.193585498103130416e-01,-5.416353207373592049e-01,-5.354652612906126707e-01,-5.374797705944698301e-01,-5.465235649012702979e-01,-5.447156851532237720e-01,-5.485587802516960210e-01,-5.516963696125805061e-01,-5.533205502583401492e-01,-5.567485322990697316e-01
-4.420557045638811577e-01,-4.660211481360948538e-01,-4.731071054440564305e-01,-4.885694973259058216e-01,-4.945333397148674592e-01,-5.072248045497004254e-01,-5.104042496986389565e-01,-5.167409002835025023e-01,-5.146692853536458667e-01,-5.168162062022216841e-01,-4.984375820920021183e-01,-5.042512808773197408e-01,-5.037120701706949699e-01,-5.054245156153110985e-01,-5.069885912993630228e-01,-5.078513647940632314e-01,-5.088782641139990570e-01,-5.067497924669646103e-01,-5.157568321342157480e-01,-5.204303698868347761e-01,-5.175469413098718885e-01,-5.194507954491238699e-01,-5.160332584170693737e-01,-5.186818057419863015e-01,-5.259660805111250337e-01,-5.260654520024540259e-01,-5.234147861086713149e-01,-5.309789374229708647e-01,-5.377910741106580739e-01,-5.459700175977379999e-01,-5.389112671020616085e-01,-5.364911113561761091e-01,-5.370205929719231719e-01,-5.392242230597958930e-01,-5.419292199982006508e-01
-4.365010735292990107e-01,-4.632318954056626192e-01,-4.676811044992735811e-01,-4.851662605053637667e-01,-4.911319345354079324e-01,-5.043049061122871768e-01,-5.076826847821479527e-01,-5.117605844587549413e-01,-5.105544795769835220e-01,-5.124997314478394461e-01,-5.028217441657417686e-01,-5.078260203477071855e-01,-5.071138711813104605e-01,-5.143398548650904845e-01,-5.157267783105107251e-01,-5.178427383426060793e-01,-5.139177299848610714e-01,-5.120180345197586913e-01,-5.269441614368455262e-01,-5.313569809499569807e-01,-5.230576871222326618e-01,-5.240515902324368591e-01,-5.120550200295682641e-01,-5.156333051126298361e-01,-5.223414444659502109e-01,-5.195595233689770387e-01,-5.200825402863459290e-01,-5.231026485395009473e-01,-5.232890271410868266e-01,-5.393567115373318899e-01,-5.314718398467351834e-01,-5.355912669357167921e-01,-5.376476954083448945e-01,-5.401020711967314814e-01,-5.432815615838241241e-01
-4.318796613437459464e-01,-4.599079850979136963e-01,-4.663068784903517394e-01,-4.815527932479838347e-01,-4.897151726353608514e-01,-5.009253825176335218e-01,-5.077076288044767294e-01,-5.039856877310255889e-01,-5.033381115870756428e-01,-4.984620333524272806e-01,-4.952392949435353020e-01,-5.012277772022647460e-01,-5.022896972329116139e-01,-5.018095796900634564e-01,-5.030564751066641804e-01,-5.095159685004089223e-01,-5.061032192391904383e-01,-5.047696345353442915e-01,-5.249975045392353268e-01,-5.276312960575683109e-01,-5.307423061028134770e-01,-5.247195368114047076e-01,-5.221960036361061874e-01,-5.228443451431925570e-01,-5.305243311610426948e-01,-5.222390576264989148e-01,-5.220335052127866859e-01,-5.207866634889958268e-01,-5.209700925459826992e-01,-5.416979840411961789e-01,-5.442118743502576406e-01,-5.355941508614057156e-01,-5.332077024822756695e-01,-5.351112037323727533e-01,-5.362232479186415102e-01
-4.110857252033409126e-01,-4.413102573025455833e-01,-4.392535045598762178e-01,-4.570999868405809519e-01,-4.678539954085357278e-01,-4.813213744857216536e-01,-4.869876871251833661e-01,-4.849935910155104279e-01,-4.845162650322051845e-01,-4.804154301024862739e-01,-4.838412169357813042e-01,-4.835296695299907133e-01,-4.834821637333646671e-01,-4.913662922649733034e-01,-4.920518726437447810e-01,-4.988088322462028712e-01,-4.950733039272562364e-01,-5.022939054025087335e-01,-5.130627010881115835e-01,-5.174740763763683304e-01,-5.195290557862823899e-01,-5.197660935459424980e-01,-5.223896224169108926e-01,-5.252176383602279452e-01,-5.315675127010874856e-01,-5.264374143912912141e-01,-5.186912229414537556e-01,-5.189763251444310388e-01,-5.159677732761432933e-01,-5.347642606591788139e-01,-5.387847013622001358e-01,-5.339411506840125998e-01,-5.286071068552021801e-01,-5.300553068209561403e-01,-5.307948968011887425e-01
-4.142539382807238768e-01,-4.475005541290251743e-01,-4.444482665706777080e-01,-4.561139090942906704e-01,-4.658569654348147515e-01,-4.789328650294523149e-01,-4.861924704807595310e-01,-4.877249157241833055e-01,-4.871580086831330814e-01,-4.824213972315480881e-01,-4.793449358804306448e-01,-4.753705023590124590e-01,-4.758661836441988591e-01,-4.768001548208091189e-01,-4.794652162206453072e-01,-4.866381556915365114e-01,-4.933369466376213985e-01,-4.943888961968368467e-01,-5.049034461117843930e-01,-5.103388683401324233e-01,-5.110320916607734576e-01,-5.184788497410764974e-01,-5.255810444351662891e-01,-5.285897453573300542e-01,-5.339345698852625555e-01,-5.257070265801606634e-01,-5.224013507820554070e-01,-5.184107436647644729e-01,-5.184958918940153483e-01,-5.152613657454430118e-01,-5.270704691686992627e-01,-5.223432259298437241e-01,-5.274096845426178293e-01,-5.253858900769968754e-01,-5.267653661760149930e-01
-4.106838085247317971e-01,-4.371267168691240212e-01,-4.418903072704333801e-01,-4.511067813309498353e-01,-4.634301084006109961e-01,-4.725217636307680880e-01,-4.811702974859874415e-01,-4.885971890628205139e-01,-4.820927036071190330e-01,-4.776460760060355915e-01,-4.748841607594028735e-01,-4.699668070026103983e-01,-4.711681343005759692e-01,-4.728153040918681160e-01,-4.748115683367429285e-01,-4.757763693483173517e-01,-4.827139543788023235e-01,-4.837265751774249556e-01,-4.945192054863704612e-01,-4.921067858051848543e-01,-4.998536597947956794e-01,-5.069854947163613401e-01,-5.147195958448078645e-01,-5.205587378244167507e-01,-5.238886292024266256e-01,-5.157384348725152501e-01,-5.166232037510435360e-01,-5.114900305586167484e-01,-5.084475450836495325e-01,-5.138044662831752207e-01,-5.245128659803837134e-01,-5.203478918303641176e-01,-5.208661059586647823e-01,-5.225353401852970148e-01,-5.205194666216733657e-01
