-1.257182743718755773e+03,-1.388853940800966484e+03,-1.475894468856703043e+03,-1.632871489470503320e+03,-1.741859519823149867e+03,-1.937814267375139707e+03,-2.110725230928801011e+03,-2.340951754475116559e+03,-2.514137808217188194e+03,-2.703311704337464562e+03,-2.849899717375792534e+03,-3.067012698250911399e+03,-3.344729239762988072e+03,-3.532120107574032772e+03,-3.758943878311139088e+03,-3.950495019524132204e+03,-4.178593968501740164e+03,-4.434019230123332818e+03,-4.667975953908649899e+03,-4.861186321000775024e+03,-5.103144931666133743e+03,-5.335967689429985512e+03,-5.536868124306189202e+03,-5.691764367643929290e+03,-5.874881292952900367e+03,-6.028212195222353330e+03,-6.239728146299001310e+03,-6.405859357524350344e+03,-6.576580912134397295e+03,-6.739490325847205895e+03,-6.969074642545113420e+03,-7.176806805649482158e+03,-7.362252120014755747e+03,-7.584229093403843763e+03,-7.743804241310729594e+03
-1.035198017047153371e+03,-1.139154782737599135e+03,-1.178402337450876757e+03,-1.218506903557267151e+03,-1.277466223655877002e+03,-1.404466031291837680e+03,-1.486249449637080716e+03,-1.563537968187611114e+03,-1.646772853790268755e+03,-1.792400182470343225e+03,-1.890543503454445727e+03,-1.979069449923891625e+03,-2.116556157417836403e+03,-2.216540720803703607e+03,-2.343628951490322834e+03,-2.494670359249866124e+03,-2.646053447816565040e+03,-2.803407802211857870e+03,-2.925472478540601969e+03,-3.073466290316352115e+03,-3.230678193612684481e+03,-3.446894333321732574e+03,-3.622160418568158093e+03,-3.786960232318092494e+03,-3.952091413613622535e+03,-4.073068259900792327e+03,-4.201978289973890242e+03,-4.348879359493780612e+03,-4.493028452368937906e+03,-4.627672035168114235e+03,-4.810870484430606666e+03,-4.989585573461549757e+03,-5.189275051338056983e+03,-5.323064692441806073e+03,-5.521928659562533539e+03
-1.036906322368345172e+03,-1.120355426106537607e+03,-1.221540980452623899e+03,-1.248947893578773119e+03,-1.271479981003993544e+03,-1.344321998351474804e+03,-1.439554431101422551e+03,-1.478729520624292263e+03,-1.525002807183393088e+03,-1.629175225837298967e+03,-1.777079553213513464e+03,-1.845398928929078011e+03,-1.930845215178173930e+03,-1.968114815660208706e+03,-2.033883268328803979e+03,-2.144800551212533264e+03,-2.182963489434860094e+03,-2.302115791687300316e+03,-2.335042948743224315e+03,-2.457680901060235101e+03,-2.508550981913520445e+03,-2.585753211502969862e+03,-2.737465134954456516e+03,-2.858130880122023427e+03,-3.021698065110962943e+03,-3.116619745732188221e+03,-3.211682801138910690e+03,-3.291677658691934539e+03,-3.419547753072591149e+03,-3.526600603446829155e+03,-3.645038679774547745e+03,-3.772671162551830548e+03,-3.895169042610266388e+03,-3.991979520443524507e+03,-4.074655919006483145e+03
-1.071044215563885700e+03,-1.121973173603892519e+03,-1.183200378106783091e+03,-1.191165365763911495e+03,-1.279698699246038359e+03,-1.367132124293238121e+03,-1.365389382791380740e+03,-1.441924379405182890e+03,-1.466572343890377397e+03,-1.549888482640626989e+03,-1.614259003351815863e+03,-1.695491427607432115e+03,-1.780821626088102903e+03,-1.830396431497406411e+03,-1.865220248964586517e+03,-1.877669211495095169e+03,-1.906209921592108003e+03,-1.982287383486707540e+03,-2.073671764860559051e+03,-2.125492249386693402e+03,-2.187108313930933036e+03,-2.296949697223536987e+03,-2.399612427662115806e+03,-2.502379302450018713e+03,-2.624837459634330116e+03,-2.701596743904269715e+03,-2.822410586357817465e+03,-2.935606286662254206e+03,-2.955902375339015634e+03,-3.022953044349494576e+03,-3.107042406718189341e+03,-3.177691513361145553e+03,-3.315488294366302853e+03,-3.407658221998915451e+03,-3.497320084885849610e+03
-1.231921880723801905e+03,-1.285813748505722288e+03,-1.319654133502154764e+03,-1.200441799227431375e+03,-1.307527572075553280e+03,-1.390667994150013101e+03,-1.413130187736906919e+03,-1.483700444682572197e+03,-1.517617822551022982e+03,-1.571698435396028572e+03,-1.693569423134997805e+03,-1.676747054089331641e+03,-1.731617599801218148e+03,-1.750018046970334808e+03,-1.791714664580308863e+03,-1.836871514751394898e+03,-1.892814928680305457e+03,-1.919789048918033131e+03,-1.939082521193978664e+03,-1.985309601088790259e+03,-2.011119177492428435e+03,-2.078253695613517721e+03,-2.140289496710858202e+03,-2.227669809751863795e+03,-2.296212672976001613e+03,-2.393744998723631397e+03,-2.497976144688826480e+03,-2.573619341417334454e+03,-2.598952455848823320e+03,-2.648566878320990327e+03,-2.715156531596916466e+03,-2.773688604693963953e+03,-2.861515374171225176e+03,-2.932969229909505884e+03,-3.016808394664438310e+03
-1.337802091415197083e+03,-1.349686651800009940e+03,-1.367295041978383551e+03,-1.247277142927712930e+03,-1.345102238910770438e+03,-1.484146760175677855e+03,-1.560801653525046731e+03,-1.636461591044175520e+03,-1.684300926731616983e+03,-1.720790350795952463e+03,-1.859341226014169933e+03,-1.772056105866125790e+03,-1.789657610345743478e+03,-1.849229450496947720e+03,-1.931603065052028114e+03,-1.947842736710107829e+03,-1.990515924539818570e+03,-2.043440264350403368e+03,-2.080850014020642448e+03,-2.154847637993391800e+03,-2.128591312141692470e+03,-2.153294058999112167e+03,-2.222128382232079730e+03,-2.275129371122842713e+03,-2.267624027674939498e+03,-2.360299140703290504e+03,-2.398523811988690795e+03,-2.521368154440074704e+03,-2.560240417477221854e+03,-2.583514893998857133e+03,-2.677890141881058753e+03,-2.643920263325765518e+03,-2.709350214950979989e+03,-2.708736135361892138e+03,-2.748871143067633511e+03
-1.141647207891366088e+04,-1.141647207891366088e+04,-2.260517017749005390e+03,-1.663687838870970836e+03,-1.755153808376826191e+03,-1.861185609582627421e+03,-1.919095534231561487e+03,-2.035989034153333250e+03,-2.108101613885783536e+03,-2.132555061786065835e+03,-2.233025117805672835e+03,-2.288185971566744684e+03,-2.115186052277878389e+03,-2.127060494349460441e+03,-2.149857380167450174e+03,-2.198851216662229035e+03,-2.195751406977621627e+03,-2.182485265077394615e+03,-2.154656113623665988e+03,-2.235543175956289815e+03,-2.253624592867227420e+03,-2.273948896268565022e+03,-2.354368645371356251e+03,-2.425581838964066719e+03,-2.433195305808084413e+03,-2.503411747707250925e+03,-2.478589427416472972e+03,-2.588551631817580073e+03,-2.616955882979062608e+03,-2.671233856314311652e+03,-2.700026604128762756e+03,-2.742725664150697412e+03,-2.783500088416666131e+03,-2.752823669252760737e+03,-2.812176927947695731e+03
-1.142722001904205172e+04,-1.144092615283523810e+04,-4.149076253675902080e+03,-2.138071663920795800e+03,-2.189270470395495067e+03,-2.254939986394049356e+03,-2.215560557783683635e+03,-2.313143967029917349e+03,-2.374523026826863770e+03,-2.412905047129200284e+03,-2.525915854921240680e+03,-2.573873432160946777e+03,-2.621837844698073695e+03,-2.630093076746441511e+03,-2.620124176689226260e+03,-2.623889825904901500e+03,-2.642016395181384723e+03,-2.432419791643114422e+03,-2.426894872010613199e+03,-2.446759044738480952e+03,-2.482686198350327686e+03,-2.488290096972677929e+03,-2.541609004483413628e+03,-2.530170652681171759e+03,-2.452744100178582357e+03,-2.497631770821401915e+03,-2.562573100085804526e+03,-2.609915228294855751e+03,-2.677397248428701459e+03,-2.711930004536668548e+03,-2.715427834634917872e+03,-2.752667536107302567e+03,-2.801629789245106167e+03,-2.799693096860339665e+03,-2.858404204485747869e+03
-1.147099737116510732e+04,-1.142313459590676575e+04,-4.057378817389438154e+03,-2.233481847814305638e+03,-2.321428932104926844e+03,-2.374708798065497376e+03,-2.484354782518516004e+03,-2.591916253770340973e+03,-2.681195130809433067e+03,-2.699747343641005500e+03,-2.830342378380724767e+03,-2.921412672533087061e+03,-2.884050180402206479e+03,-2.913092177058917969e+03,-2.950250106542965113e+03,-2.921412340201387906e+03,-2.874116840036266694e+03,-2.808851099633131980e+03,-2.666163359996820873e+03,-2.551516985547533750e+03,-2.531371583681513584e+03,-2.552535030055591960e+03,-2.560519774108875026e+03,-2.512195676559678759e+03,-2.485508928042992920e+03,-2.470955811271088351e+03,-2.534562990089752020e+03,-2.529573806377371056e+03,-2.702013767891618045e+03,-2.752010771571700388e+03,-2.837838407914928212e+03,-2.868900984396932927e+03,-2.843394363887010513e+03,-2.773911987146044794e+03,-2.820183855982584191e+03
-1.130288850235170867e+04,-1.118089002680029262e+04,-6.985331568524631621e+03,-7.065108698487615584e+03,-7.155396548941573201e+03,-4.302768890679465585e+03,-3.025991244170154005e+03,-3.180561329361891239e+03,-3.246492015350352631e+03,-2.698352379316066163e+03,-2.755637139998704697e+03,-2.918731543740470443e+03,-2.918731543740470443e+03,-2.995552013599972270e+03,-2.880265420023776642e+03,-2.934522937335273127e+03,-2.866067756246869521e+03,-2.871942878399633173e+03,-2.822254364240864106e+03,-2.743188066439149225e+03,-2.654716802874938367e+03,-2.527755199139706747e+03,-2.526471650402494561e+03,-2.465612305258955530e+03,-2.490749955201300054e+03,-2.507815558536837216e+03,-2.506399799458018606e+03,-2.543246871266158905e+03,-2.673858520004499951e+03,-2.759241781521774101e+03,-2.843417092588959349e+03,-2.880033558811562671e+03,-2.885085674667482181e+03,-2.862156501246638072e+03,-2.820177810928046711e+03
-1.128517503363492688e+04,-1.115415620336174470e+04,-1.115415620336174470e+04,-1.115543584853605353e+04,-1.093994454615865834e+04,-1.115400165644255321e+04,-1.024681553199045993e+04,-1.025457560524030669e+04,-9.858908430829362260e+03,-1.001431049659147538e+04,-9.206080064783980561e+03,-3.574561508586355103e+03,-3.480525129353302873e+03,-3.547646284036533416e+03,-3.521627305562033598e+03,-3.585843762230325865e+03,-3.404768725356719187e+03,-3.330733801532961934e+03,-3.348755514880211194e+03,-3.221852744860828352e+03,-3.108897277240748281e+03,-2.667742215146115996e+03,-2.693274037069542828e+03,-2.671887581434476488e+03,-2.719065513980887772e+03,-2.622556675554204503e+03,-2.536697657399137370e+03,-2.505760656626303899e+03,-2.574306872681843288e+03,-2.656360768559401549e+03,-2.766554097459931654e+03,-2.861478511782014721e+03,-2.852994969160644814e+03,-2.891820530042277369e+03,-2.903897179090606642e+03
-1.120738231110442939e+04,-1.106506730955059356e+04,-1.106506730955059356e+04,-1.106506730955059356e+04,-1.106188662551600464e+04,-1.114664942906479519e+04,-1.087237740017029864e+04,-1.025915305891539356e+04,-9.822779598143368275e+03,-1.002755145110888589e+04,-9.192747432149830274e+03,-9.220388501069359336e+03,-8.716475169754316084e+03,-4.047167999366090498e+03,-4.071339446163800858e+03,-4.149254476153915675e+03,-4.225123780264041670e+03,-3.835140256354314261e+03,-3.883610686609743425e+03,-3.759321983073046340e+03,-3.680693153935927512e+03,-3.227911932686360615e+03,-3.126961064122636344e+03,-3.040159732108945263e+03,-2.897316345717647891e+03,-2.582092069957080184e+03,-2.587974301587358241e+03,-2.447786922532531207e+03,-2.497533816201020272e+03,-2.556135862959934911e+03,-2.666035824777697599e+03,-2.749441326287774245e+03,-2.781411960697626000e+03,-2.832203434428899982e+03,-2.873657113949031555e+03
-1.098571246255453843e+04,-1.084848047650076114e+04,-1.084848047650076114e+04,-1.084848047650076114e+04,-1.095747779454878037e+04,-1.091432732281943936e+04,-1.074470508694707496e+04,-1.079773641066410710e+04,-9.708116900604078182e+03,-9.940838104718608520e+03,-9.162183486887184699e+03,-9.212913586002534430e+03,-8.645683231143817466e+03,-8.718314474177528609e+03,-7.322136370979171261e+03,-7.490447344587151747e+03,-7.490447344587151747e+03,-6.389379303415436880e+03,-5.808644657754483887e+03,-5.788809434896245875e+03,-5.667182062190439865e+03,-4.596806970594791892e+03,-3.880565700660501534e+03,-3.601905818361423371e+03,-3.518460121344008712e+03,-2.985613487091657134e+03,-2.563786985136304338e+03,-2.462927438242252265e+03,-2.488106764898543133e+03,-2.485111716811362840e+03,-2.563039279673779674e+03,-2.642241178170793773e+03,-2.751897696614844790e+03,-2.752550030440247156e+03,-2.811579510647917687e+03
-1.077773344197123515e+04,-1.071315243393563287e+04,-1.063971731634848220e+04,-1.063971731634848220e+04,-1.063297478607945595e+04,-1.080770213479187260e+04,-1.062064133945817230e+04,-1.063906719014559349e+04,-1.000091483023126239e+04,-9.836719017817174972e+03,-1.004056556725688824e+04,-1.007767953373256023e+04,-8.632570313366008122e+03,-8.685708445164938894e+03,-8.718314474177528609e+03,-7.405058836547178544e+03,-7.439466019526230411e+03,-7.506261572401193916e+03,-7.506261572401193916e+03,-6.542333907130087027e+03,-5.702134402458071236e+03,-5.655116509641959965e+03,-4.213994098174256578e+03,-3.762105814543788256e+03,-3.584469708330161211e+03,-3.521981878089944530e+03,-2.945102152484921589e+03,-2.901467989009639950e+03,-2.851417146846518790e+03,-2.687267466766251800e+03,-2.750014613299529628e+03,-2.757484397478642677e+03,-2.795637978458853013e+03,-2.849325473367950508e+03,-2.891744351572451251e+03
-1.074336828615466220e+04,-1.077773344197123515e+04,-1.069639081148287914e+04,-1.069639081148287914e+04,-1.063971731634848220e+04,-1.059069913873007317e+04,-1.024503433935613793e+04,-1.029481682506822108e+04,-1.060826509817601800e+04,-1.068797656233523776e+04,-1.017853025589846220e+04,-1.031529098714505926e+04,-1.028050756368788825e+04,-8.657254621629343092e+03,-8.789662695783646996e+03,-8.855408704377847243e+03,-8.943662592522450723e+03,-8.974395365763402879e+03,-8.974395365763402879e+03,-7.576157914171459197e+03,-7.000731079160018453e+03,-7.063240602384187696e+03,-5.047937255829009700e+03,-4.367455449350279196e+03,-4.203148487694532378e+03,-3.726488439417749305e+03,-3.248584634671033655e+03,-3.017366985251055212e+03,-2.984999200930270035e+03,-2.829068291635780042e+03,-2.811673626516373588e+03,-2.817542919872161747e+03,-2.871562409751181804e+03,-2.872329509410627907e+03,-2.864530736374930257e+03
-1.056109675518467157e+04,-1.074476739007651850e+04,-1.062951762673537814e+04,-1.062951762673537814e+04,-1.062951762673537814e+04,-1.053320161506836303e+04,-1.035979870241493336e+04,-1.021590302986066308e+04,-1.045269965674803279e+04,-1.041594211015634937e+04,-9.912447101708692571e+03,-1.018256702624775608e+04,-1.028764747638412700e+04,-9.386207054018424969e+03,-9.466059545533791606e+03,-8.843186723074126348e+03,-8.855294762653738871e+03,-8.910056726469669229e+03,-8.921089095965044180e+03,-8.922007765222440867e+03,-8.767435680340140607e+03,-6.985563385277617272e+03,-6.918058869781588328e+03,-5.026864957786711784e+03,-4.389096987325729970e+03,-4.079237504473099762e+03,-3.749430389780413407e+03,-3.401385440948764426e+03,-3.282633622569925592e+03,-3.021031573370469232e+03,-2.948872682520476246e+03,-2.969079690985697653e+03,-2.979257999914123502e+03,-2.973218915480004853e+03,-2.916305106351740505e+03
-1.054364846605419189e+04,-1.068739722090201940e+04,-1.056622113133086168e+04,-1.056622113133086168e+04,-1.056622113133086168e+04,-1.044204150512599153e+04,-1.029027776629099753e+04,-1.014957545133875465e+04,-1.044628893564838654e+04,-1.045557312622054633e+04,-9.874692771791447740e+03,-1.002889533057723565e+04,-1.006776861557060874e+04,-1.017128831384702426e+04,-1.025908156781909383e+04,-9.382495660227807093e+03,-9.394690893637873160e+03,-9.449352910537325442e+03,-9.454020580418487953e+03,-9.474015580276574838e+03,-9.258914287842382691e+03,-8.205258674218532178e+03,-6.880537094509158123e+03,-6.816198803443811812e+03,-5.482940641155179947e+03,-4.483659333421613155e+03,-4.029933955811724900e+03,-3.735050784083984126e+03,-3.298118629029661861e+03,-3.263906050131562552e+03,-3.200943400625068534e+03,-3.136410168425506072e+03,-3.170318301722238175e+03,-3.052957518058506594e+03,-3.005393572930278424e+03
-1.076810763674547707e+04,-1.068739722090201940e+04,-1.056622113133086168e+04,-1.056622113133086168e+04,-1.056622113133086168e+04,-1.061030726813980618e+04,-1.030497532901869454e+04,-1.018074551069460540e+04,-1.014415818254888109e+04,-1.024390907581017382e+04,-1.033251682437955787e+04,-1.048259987028897558e+04,-1.062553206663779019e+04,-1.069749453010654361e+04,-1.063261168565195294e+04,-1.053476705574531843e+04,-1.061032445262584042e+04,-9.697884237939199011e+03,-9.730241923328287157e+03,-9.705068335139902047e+03,-9.450739777604299888e+03,-9.198174043589373468e+03,-7.787701726242831683e+03,-7.667039137230842243e+03,-5.786585574873873156e+03,-4.497752031797293057e+03,-4.419683399448468663e+03,-4.375843919754312083e+03,-3.872785307391788137e+03,-3.596147646066817742e+03,-3.220639657284785699e+03,-3.211615854542400029e+03,-3.222148741117613554e+03,-3.177518711166738285e+03,-3.100483585044015399e+03
-1.095391076536167202e+04,-1.058182597748035187e+04,-1.052501465901075062e+04,-1.052501465901075062e+04,-1.052501465901075062e+04,-1.061030726813980618e+04,-1.049400182214025699e+04,-1.021747306128205310e+04,-1.012086509866777305e+04,-1.021331275714523690e+04,-1.020082896378650366e+04,-1.038939171780505421e+04,-1.057419665462142257e+04,-1.063162932556901433e+04,-1.067552173837378177e+04,-1.056280496485946423e+04,-1.062212338996928702e+04,-9.598697075714402672e+03,-9.692047410913137355e+03,-9.715005888173376661e+03,-9.709055536692745591e+03,-9.744322506482129029e+03,-8.304378648077001344e+03,-7.640238124727126888e+03,-6.937294031484523657e+03,-6.329316764819630407e+03,-5.203055107730979216e+03,-4.368708413394759191e+03,-3.947254212176172587e+03,-3.681781459535471640e+03,-3.581742965090932103e+03,-3.238107577769870659e+03,-3.214887678233421866e+03,-3.182441798577067402e+03,-3.156292226319360907e+03
-1.058985048119533349e+04,-1.029660063001341223e+04,-1.034655408780610742e+04,-1.034655408780610742e+04,-1.034655408780610742e+04,-1.056622113133086168e+04,-1.056622113133086168e+04,-1.014707419599542300e+04,-1.021747306128205310e+04,-1.004139819725416601e+04,-1.005388660806846383e+04,-1.005157752104700739e+04,-1.029110861391471190e+04,-1.046640038866235227e+04,-1.059005685167205775e+04,-1.047934911301341344e+04,-1.050278162825830987e+04,-9.403164402717171470e+03,-9.557814112600193766e+03,-9.630231336129761985e+03,-9.644607543294610878e+03,-9.644607543294610878e+03,-8.137063939516142455e+03,-7.688962883459992554e+03,-7.607423247599683236e+03,-6.222783033744530258e+03,-5.787894521482341588e+03,-5.077572059519941831e+03,-4.247751395647275785e+03,-4.003366406411200842e+03,-3.780590295740680176e+03,-3.315436501251505888e+03,-3.149072571460719701e+03,-3.168867089131002103e+03,-3.163897407910642414e+03
-1.085141627816664732e+04,-1.016783459588692858e+04,-1.025808118705730885e+04,-1.025808118705730885e+04,-1.025808118705730885e+04,-1.036852922612250404e+04,-1.039970043303214334e+04,-9.986638324581303095e+03,-1.021747306128205310e+04,-1.012295869141563890e+04,-1.009700426124680416e+04,-1.005157752104700739e+04,-1.019447230773560659e+04,-1.020969327847412569e+04,-1.041419850134873559e+04,-1.043755709336582368e+04,-1.045008751575430142e+04,-1.045838542381699699e+04,-1.058177762422294654e+04,-1.058177762422294654e+04,-1.061733096546835986e+04,-1.059083254405111256e+04,-1.002873657575287689e+04,-8.363602306460743421e+03,-7.803737850398534647e+03,-7.897229996945127823e+03,-7.100651549090513072e+03,-6.379477432323825269e+03,-5.269798009659836680e+03,-4.637085820835444792e+03,-4.175803862872830905e+03,-3.937430602746466320e+03,-3.288549248317910497e+03,-3.227916107048183221e+03,-3.096956696875960006e+03
-1.088534712950333414e+04,-1.035162173436896592e+04,-1.025808118705730885e+04,-1.025808118705730885e+04,-1.025808118705730885e+04,-1.027152498808243035e+04,-1.030340518022408833e+04,-1.000946614393523487e+04,-1.013073063354641636e+04,-1.008926168305422652e+04,-1.000968446293337729e+04,-1.002183139817431402e+04,-1.010326317585019024e+04,-1.011682277033155151e+04,-1.028380240412134663e+04,-1.021869406167023044e+04,-1.019265902660170832e+04,-1.025252799033066185e+04,-1.045354851679690182e+04,-1.051598216931582465e+04,-1.055133226784486396e+04,-1.053046809578675129e+04,-1.040024743255156318e+04,-8.873201194523304366e+03,-8.163489119104994643e+03,-7.859160576159914854e+03,-7.914936120345321797e+03,-6.379477432323825269e+03,-6.222783033744530258e+03,-5.078449861095602500e+03,-4.819108430357309771e+03,-4.163049708314165400e+03,-3.691329913975012460e+03,-3.399323483370937083e+03,-3.186131455296646436e+03
-1.095632254456756164e+04,-1.022443838950460304e+04,-1.008056305852345213e+04,-1.008056305852345213e+04,-1.008056305852345213e+04,-1.027152498808243035e+04,-1.027152498808243035e+04,-1.016577905612871109e+04,-1.017782055885494447e+04,-1.017782055885494447e+04,-1.004382639615991684e+04,-1.000937411715268900e+04,-1.010157883052752732e+04,-1.005023273666674504e+04,-1.017370814883738058e+04,-1.014703652054001941e+04,-1.017152931641691794e+04,-1.016143960191932092e+04,-1.016981626941357172e+04,-1.022533663484605495e+04,-1.036959831174201827e+04,-1.042137865125706594e+04,-1.028716775369385687e+04,-9.806934312917182979e+03,-8.144013122674225997e+03,-7.756718611281701669e+03,-7.813400084279872317e+03,-6.956164893198334539e+03,-6.294671450781221210e+03,-6.212478815940201457e+03,-5.390880342133124032e+03,-4.729139814477229265e+03,-3.860617806930230472e+03,-3.551522777247091199e+03,-3.407132908655923529e+03
-1.063059105546367755e+04,-1.011706822699324402e+04,-1.013897707186765183e+04,-9.998158566949816304e+03,-9.998158566949816304e+03,-1.019595036610152601e+04,-1.027152498808243035e+04,-1.023216479780901318e+04,-1.000863221810324285e+04,-1.008517134631755471e+04,-9.953915302602403244e+03,-1.005915736937523980e+04,-1.002566693870714698e+04,-9.992214964800497910e+03,-1.017370814883738058e+04,-1.013470715311662207e+04,-1.015572200261879698e+04,-1.009215568776324108e+04,-1.011755901427046410e+04,-1.016981626941357172e+04,-1.020155071553357448e+04,-1.033725263497483502e+04,-1.027352498280094369e+04,-9.780789343921465843e+03,-8.650900720845800606e+03,-8.094695486747914401e+03,-7.652850284190445564e+03,-7.750855904870862105e+03,-7.807539585069072928e+03,-7.542379864015391831e+03,-6.268698185358746741e+03,-5.945446622684065915e+03,-4.187083639434788893e+03,-3.979657518006226383e+03,-3.675299411863850764e+03
-1.082886354853295779e+04,-1.044635606675738200e+04,-9.892482054423724549e+03,-9.831389331120795759e+03,-9.831389331120795759e+03,-1.015452976646277239e+04,-1.023080362311147474e+04,-1.022363385652896432e+04,-1.000863221810324285e+04,-1.000863221810324285e+04,-9.897892175268867504e+03,-9.896608664672239684e+03,-1.002566693870714698e+04,-1.002183139817431402e+04,-9.983642806449026466e+03,-9.981640446537974640e+03,-1.014132705547105616e+04,-1.007375616214563888e+04,-1.009759062915718641e+04,-1.016981626941357172e+04,-1.016981626941357172e+04,-1.026216614626782757e+04,-1.028773505162673791e+04,-1.021939264495869247e+04,-9.216954071805976128e+03,-8.611684332958266168e+03,-7.607897674519086650e+03,-7.649162463392309292e+03,-7.705681512240677876e+03,-7.397978793827527625e+03,-7.436995168726680276e+03,-6.352704428938011006e+03,-5.136658409688791835e+03,-4.005742037325497222e+03,-3.734866755299517081e+03
-1.083566440667602728e+04,-1.070032002610808377e+04,-1.014270685046307699e+04,-9.831389331120795759e+03,-9.831389331120795759e+03,-9.955972506102101761e+03,-9.955972506102101761e+03,-9.950107320388671724e+03,-1.002648727967047307e+04,-1.009919420651897417e+04,-9.936817967230932481e+03,-9.941372178726925995e+03,-9.992534438908816810e+03,-9.992534438908816810e+03,-9.983642806449026466e+03,-1.004850736100831637e+04,-1.015555983766618374e+04,-1.012676921243588549e+04,-1.007375616214563888e+04,-1.014351887368688949e+04,-1.014935233952149611e+04,-1.016981626941357172e+04,-1.019296697956203934e+04,-1.009212283833706533e+04,-1.009212283833706533e+04,-8.485277270050433799e+03,-7.926393060019358018e+03,-7.964774716526158954e+03,-7.964774716526158954e+03,-8.015376655045400184e+03,-7.674431288703846803e+03,-6.612115777450380847e+03,-5.826668588376017397e+03,-4.354259945276924554e+03,-3.898867228554096982e+03
-1.085604053924391883e+04,-1.093149067533148991e+04,-1.087327035009588144e+04,-1.078637113323584526e+04,-1.078637113323584526e+04,-9.874073470878220178e+03,-9.874073470878220178e+03,-9.789211298375805200e+03,-1.003366722050930730e+04,-1.012706889282352859e+04,-1.007207152641876564e+04,-1.000610068231360492e+04,-9.870734730126698196e+03,-9.934831135561948031e+03,-1.003594393227777255e+04,-1.000472947363309504e+04,-9.951126232607966813e+03,-1.006393903392088760e+04,-1.008400729886438785e+04,-1.015450590508397727e+04,-1.010756273152917674e+04,-1.012843366318919470e+04,-1.012822198151656630e+04,-1.011308783533541828e+04,-1.007544772131146055e+04,-9.011329434904735535e+03,-8.721311557183284094e+03,-7.930272238095604735e+03,-7.930272238095604735e+03,-7.930272238095604735e+03,-7.592374613686759403e+03,-6.769833259937149705e+03,-5.760387925455619552e+03,-5.800041861888394124e+03,-4.648146098811263073e+03
-1.101077442009455626e+04,-1.094446417089024180e+04,-1.109791593961241233e+04,-1.128147507228174618e+04,-1.128147507228174618e+04,-9.791359676247337120e+03,-9.791359676247337120e+03,-9.705956052737505161e+03,-9.869411347222667246e+03,-1.001318446958302593e+04,-1.007207152641876564e+04,-1.000610068231360492e+04,-9.784888800553417241e+03,-9.782784019796152279e+03,-9.874872847187449224e+03,-9.951554658619370457e+03,-1.001503931538783581e+04,-1.008256341608217917e+04,-1.006100420038970697e+04,-1.011945094354085450e+04,-1.005543146555906787e+04,-1.007581068223926559e+04,-1.012843366318919470e+04,-1.011122288319604741e+04,-1.007544772131146055e+04,-9.036811464132009860e+03,-8.721311557183284094e+03,-7.930272238095604735e+03,-7.930272238095604735e+03,-7.930272238095604735e+03,-7.535813012698555212e+03,-6.758476092153334321e+03,-6.383474435030703717e+03,-5.722173312163005903e+03,-5.512978788796600384e+03
-1.070507761067397951e+04,-1.072207969315342052e+04,-1.110313665624346504e+04,-1.155790229581575659e+04,-1.155790229581575659e+04,-9.962871242715920744e+03,-9.857145189905377265e+03,-9.705956052737505161e+03,-9.741887797055500414e+03,-1.004019910923782300e+04,-1.007207152641876564e+04,-1.000610068231360492e+04,-9.734022892379976838e+03,-9.704891007318172342e+03,-9.759127744196059211e+03,-9.889675538602854431e+03,-1.006469011461809168e+04,-1.001503931538783581e+04,-9.994263831813765137e+03,-9.979388023140476434e+03,-9.923339169229910112e+03,-9.865422957697797756e+03,-9.940579857788483423e+03,-9.925279545436482294e+03,-9.893247569356601161e+03,-8.860085498721990007e+03,-8.505253302751556475e+03,-7.771429955743854407e+03,-7.771429955743854407e+03,-7.768952452153253944e+03,-7.341390368856248642e+03,-7.341390368856248642e+03,-6.933115253424614821e+03,-5.605152546771362722e+03,-5.645922540487303195e+03
-1.052474587543651251e+04,-1.072207969315342052e+04,-1.110313665624346504e+04,-1.155790229581575659e+04,-1.155790229581575659e+04,-1.062035680790063634e+04,-9.910838778741250280e+03,-9.731201091912475022e+03,-9.736458573019473988e+03,-9.806732884408844257e+03,-9.888865472318018874e+03,-1.000658208732969251e+04,-9.812697119148660931e+03,-9.797018016660398644e+03,-9.913266032325622291e+03,-9.874872847187449224e+03,-9.859119594047469946e+03,-9.941330144333949647e+03,-1.000458766828160697e+04,-9.938599955835610672e+03,-9.866020588175708326e+03,-9.770437891641811802e+03,-9.770437891641811802e+03,-9.809890104946014617e+03,-9.810039869667354651e+03,-9.795328251022276163e+03,-8.675344877052628362e+03,-8.141001657065779909e+03,-7.593289405590666320e+03,-7.590947006415301075e+03,-7.590947006415301075e+03,-7.167713142985399827e+03,-6.912539997840266551e+03,-6.805749158797385462e+03,-5.897045519612744101e+03
-1.052474587543651251e+04,-1.058275824609561641e+04,-1.110313665624346504e+04,-1.155790229581575659e+04,-1.155790229581575659e+04,-1.101517546362021312e+04,-1.003468086856271475e+04,-1.003468086856271475e+04,-9.736458573019473988e+03,-9.806732884408844257e+03,-9.855283034593405318e+03,-9.860837699355952282e+03,-9.768287618768559696e+03,-9.819777029316428525e+03,-9.913266032325622291e+03,-9.846309320910559109e+03,-9.775663509043633894e+03,-9.775663509043633894e+03,-9.859119594047469946e+03,-9.902419831084847829e+03,-9.800312928694134825e+03,-9.787625443640741651e+03,-9.694046871925283995e+03,-9.694046871925283995e+03,-9.694046871925283995e+03,-9.720529116160983904e+03,-9.684284311845696720e+03,-8.339903847983076048e+03,-8.339903847983076048e+03,-7.723859040121609723e+03,-7.723859040121609723e+03,-7.259724921470514346e+03,-7.355600460219128763e+03,-6.711045948300758937e+03,-6.311045638407770639e+03
-1.038338718784188131e+04,-1.058275824609561641e+04,-1.083213008821997937e+04,-1.118970707081662476e+04,-1.128706421973731267e+04,-1.089118378374893473e+04,-1.011917190430091978e+04,-1.011917190430091978e+04,-9.736458573019473988e+03,-9.806732884408844257e+03,-9.740943326740942211e+03,-9.747668215263931415e+03,-9.712264059319617445e+03,-9.645616747548298008e+03,-9.877148369500131594e+03,-9.697151381172510810e+03,-9.678002278656042108e+03,-9.760117210995564164e+03,-9.796320061718633951e+03,-9.908408026447983502e+03,-9.844067172184250012e+03,-9.844067172184250012e+03,-9.679100524666355341e+03,-9.679100524666355341e+03,-9.679100524666355341e+03,-9.679118568413776302e+03,-9.680723597705287830e+03,-9.670992180138617186e+03,-8.637486064512375378e+03,-7.935838425152934178e+03,-7.926746568876689707e+03,-7.926746568876689707e+03,-7.504264113069151790e+03,-7.011399189277444748e+03,-6.735590884601844664e+03
-1.002031235162227676e+04,-1.031645107699705477e+04,-1.069605571207566936e+04,-1.096556338309458260e+04,-1.114963829771738710e+04,-1.088683326254858912e+04,-1.004133807073890785e+04,-1.004133807073890785e+04,-9.641540678225906959e+03,-9.806732884408844257e+03,-9.806732884408844257e+03,-9.812226414605782338e+03,-9.712264059319617445e+03,-9.720401430511143190e+03,-9.704308832128121139e+03,-9.617875088282335128e+03,-9.678002278656042108e+03,-9.760117210995564164e+03,-9.760117210995564164e+03,-9.844500768008711020e+03,-9.779317391122582194e+03,-9.779317391122582194e+03,-9.659706870585272554e+03,-9.613236500545121089e+03,-9.613236500545121089e+03,-9.613236500545121089e+03,-9.614269386811785807e+03,-9.605352446124705239e+03,-8.601692550697171100e+03,-8.577486078307350908e+03,-7.871152980125162685e+03,-7.871152980125162685e+03,-7.452087627948515546e+03,-7.344000694352807841e+03,-6.690567700467327995e+03
-1.002031235162227676e+04,-1.028814575981191410e+04,-1.069605571207566936e+04,-1.087245800505694388e+04,-1.114963829771738710e+04,-1.128706421973731267e+04,-1.009854289648905979e+04,-1.009854289648905979e+04,-9.641540678225906959e+03,-9.736458573019473988e+03,-9.736458573019473988e+03,-9.741887797055500414e+03,-9.771421282073768452e+03,-9.777164048947824995e+03,-9.765917208335462419e+03,-9.554463187398498121e+03,-9.649974929341600728e+03,-9.675363281868005288e+03,-9.760117210995564164e+03,-9.844500768008711020e+03,-9.795981256734396084e+03,-9.779317391122582194e+03,-9.762505336656016880e+03,-9.656445779272116852e+03,-9.656445779272116852e+03,-9.613236500545121089e+03,-9.569749788367698784e+03,-9.615587857805992826e+03,-9.615587857805992826e+03,-9.615587857805992826e+03,-9.501315053259744673e+03,-8.517727599851315972e+03,-8.569327561742782564e+03,-7.444843118020829024e+03,-6.573274390548210249e+03
-1.005040486276002048e+04,-1.025539117745083240e+04,-1.043879778200570763e+04,-1.066231035377232547e+04,-1.103666907846708091e+04,-1.103666907846708091e+04,-1.082343048800470933e+04,-1.082343048800470933e+04,-9.437620366061302775e+03,-9.736458573019473988e+03,-9.736458573019473988e+03,-9.743339865842630388e+03,-9.771421282073768452e+03,-9.679891928729022766e+03,-9.585938181735797116e+03,-9.704308832128121139e+03,-9.665378978077911597e+03,-9.646587378498621547e+03,-9.723656833921075304e+03,-9.723152595047480645e+03,-9.723152595047480645e+03,-9.696964584706071037e+03,-9.696964584706071037e+03,-9.639417536133576505e+03,-9.627224583879125930e+03,-9.534805220572565304e+03,-9.534805220572565304e+03,-9.508005148902660949e+03,-9.508005148902660949e+03,-9.508005148902660949e+03,-9.426067831166046744e+03,-8.449426144563652997e+03,-8.449426144563652997e+03,-7.444843118020829024e+03,-6.774937194954859478e+03
-9.978026143428651267e+03,-1.020291291198540239e+04,-1.043879778200570763e+04,-1.057397302204977314e+04,-1.103666907846708091e+04,-1.103666907846708091e+04,-1.114963829771738710e+04,-1.114963829771738710e+04,-9.340324899948820530e+03,-9.543860770624876750e+03,-9.638745306795384749e+03,-9.736458573019473988e+03,-9.855764538277779138e+03,-9.771421282073768452e+03,-9.699937038302761721e+03,-9.732274552271866924e+03,-9.463775971445014875e+03,-9.584242411812916544e+03,-9.584242411812916544e+03,-9.661807501998984662e+03,-9.661807501998984662e+03,-9.597137969960549526e+03,-9.597137969960549526e+03,-9.580780109971983620e+03,-9.580780109971983620e+03,-9.519776350819334766e+03,-9.478255298460442646e+03,-9.451713444151231670e+03,-9.451713444151231670e+03,-9.451713444151231670e+03,-9.370864009854625692e+03,-8.394534479277890568e+03,-8.449426144563652997e+03,-8.567999649001209036e+03,-7.080142768041027921e+03
-1.006780197673136354e+04,-9.921694689216181359e+03,-1.030520612095422621e+04,-1.057397302204977314e+04,-1.094696876101063390e+04,-1.094696876101063390e+04,-1.106174675434739402e+04,-1.106174675434739402e+04,-9.515063587491364160e+03,-9.625614316038641846e+03,-9.541144689401819051e+03,-9.638783179064277647e+03,-9.849314780765927935e+03,-9.764071058358027585e+03,-9.692013825114874635e+03,-9.763765167395504250e+03,-9.499815627467796730e+03,-9.602452292180772929e+03,-9.584242411812916544e+03,-9.537848672416401314e+03,-9.661807501998984662e+03,-9.641510365856864155e+03,-9.597137969960549526e+03,-9.580780109971983620e+03,-9.580780109971983620e+03,-9.519776350819334766e+03,-9.478255298460442646e+03,-9.451713444151231670e+03,-9.451713444151231670e+03,-9.451713444151231670e+03,-9.341240972715444514e+03,-9.341240972715444514e+03,-9.426067831166046744e+03,-9.426067831166046744e+03,-8.201013367214300160e+03
-1.009762953755291710e+04,-9.921694689216181359e+03,-1.020287836626207900e+04,-1.047222048349461693e+04,-1.074979035951683727e+04,-1.094696876101063390e+04,-1.106174675434739402e+04,-1.106174675434739402e+04,-1.009795879064021210e+04,-1.022007022590270208e+04,-9.541144689401819051e+03,-9.638783179064277647e+03,-9.748204375887375136e+03,-9.672619831226213137e+03,-9.614308355216919153e+03,-9.813446479037404060e+03,-9.504587544240806892e+03,-9.540829308197991850e+03,-9.523024519458287614e+03,-9.523024519458287614e+03,-9.477443491766787702e+03,-9.526338454586415537e+03,-9.464971109490190429e+03,-9.408602234243799103e+03,-9.451234159930412716e+03,-9.393294422551251046e+03,-9.353379037307106046e+03,-9.327802150983869069e+03,-9.327802150983869069e+03,-9.327802150983869069e+03,-9.272400031623948962e+03,-9.272400031623948962e+03,-9.412089940113943157e+03,-9.412089940113943157e+03,-8.108898217469144583e+03
-9.711130859602393684e+03,-9.757117084036772212e+03,-1.012192586144686902e+04,-1.037565515367969965e+04,-1.065594667640415173e+04,-1.075426529769561785e+04,-1.098805799748485515e+04,-1.098805799748485515e+04,-1.098355846266294247e+04,-1.110418623015255616e+04,-9.446612973954150220e+03,-9.544216301610587834e+03,-9.735801945633780633e+03,-9.672619831226213137e+03,-9.614308355216919153e+03,-9.813446479037404060e+03,-9.642178827291254493e+03,-9.679429239559762209e+03,-9.523024519458287614e+03,-9.523024519458287614e+03,-9.477443491766787702e+03,-9.477443491766787702e+03,-9.457708030853815217e+03,-9.464971109490190429e+03,-9.464971109490190429e+03,-9.348419190974937010e+03,-9.353379037307106046e+03,-9.353379037307106046e+03,-9.367882121635802832e+03,-9.367882121635802832e+03,-9.307708769258106258e+03,-9.307708769258106258e+03,-9.392527034253935199e+03,-9.448929320560238921e+03,-8.981058083036965400e+03
-9.545112677144168629e+03,-9.641361477377011397e+03,-1.013720459937034320e+04,-1.033923889014998531e+04,-1.061527995112760800e+04,-1.061527995112760800e+04,-1.085482405924327213e+04,-1.089309701672526171e+04,-1.108581551170181956e+04,-1.119794642853886216e+04,-9.379826347674032149e+03,-9.446612973954150220e+03,-9.541144689401819051e+03,-9.569901370972906079e+03,-9.507433029081184941e+03,-9.869199519161722492e+03,-9.696614289874700262e+03,-9.640258630123540570e+03,-9.442788864480593475e+03,-9.442788864480593475e+03,-9.398305947391372683e+03,-9.398305947391372683e+03,-9.379441288310023083e+03,-9.379441288310023083e+03,-9.388000554548892978e+03,-9.281325567893120024e+03,-9.283543362927191993e+03,-9.280562185785265683e+03,-9.295014231451144951e+03,-9.295014231451144951e+03,-9.235919174584330904e+03,-9.235919174584330904e+03,-9.265190092448285213e+03,-9.448929320560238921e+03,-8.981058083036965400e+03
-9.016514320853460958e+03,-9.621036043641390279e+03,-9.922013947691699286e+03,-9.996544329239621220e+03,-9.996544329239621220e+03,-1.038149230367461314e+04,-1.057824842444263777e+04,-1.075426529769561785e+04,-1.094696876101063390e+04,-1.119794642853886216e+04,-9.379826347674032149e+03,-9.446612973954150220e+03,-9.541144689401819051e+03,-9.588716542261239738e+03,-9.569901370972906079e+03,-9.675191545661829878e+03,-9.731056963559416545e+03,-9.640258630123540570e+03,-9.527405048563829041e+03,-9.442788864480593475e+03,-9.442788864480593475e+03,-9.398305947391372683e+03,-9.398305947391372683e+03,-9.398305947391372683e+03,-9.429572302577065784e+03,-9.332758990738084321e+03,-9.281325567893120024e+03,-9.274374901247490925e+03,-9.234336400179749035e+03,-9.234336400179749035e+03,-9.189056617616995936e+03,-9.189056617616995936e+03,-9.189056617616995936e+03,-9.372838224153332703e+03,-9.403413893112388905e+03
-8.438538074687185144e+03,-9.593395986455459933e+03,-9.658708381895037746e+03,-9.853266807096149932e+03,-9.853266807096149932e+03,-1.014243336540241035e+04,-1.048410628084970449e+04,-1.062039686781314958e+04,-1.090762675520268931e+04,-1.116124227505435738e+04,-1.003198651062310819e+04,-9.446612973954150220e+03,-9.541144689401819051e+03,-9.649258191090590117e+03,-9.569901370972906079e+03,-9.668601475761970505e+03,-9.675854114868880060e+03,-9.606476494207112410e+03,-9.543058495205385043e+03,-9.485409622258266609e+03,-9.456579118815578113e+03,-9.411168479152443979e+03,-9.411168479152443979e+03,-9.411168479152443979e+03,-9.460901024403305200e+03,-9.442536711914750413e+03,-9.400120449209342041e+03,-9.284266254275038591e+03,-9.234336400179749035e+03,-9.234336400179749035e+03,-9.189056617616995936e+03,-9.189056617616995936e+03,-9.189056617616995936e+03,-9.300446148215747598e+03,-9.403413893112388905e+03
-8.221411972677600716e+03,-9.494563229085299099e+03,-9.476504707274674729e+03,-9.441869538825163545e+03,-9.575271662469445801e+03,-9.864571164689465149e+03,-1.048410628084970449e+04,-1.062039686781314958e+04,-1.090762675520268931e+04,-1.116124227505435738e+04,-1.030656070608084701e+04,-9.446612973954150220e+03,-9.541144689401819051e+03,-9.649258191090590117e+03,-9.569901370972906079e+03,-9.668601475761970505e+03,-9.512743293344559788e+03,-9.636083293754116312e+03,-9.426962316869707138e+03,-9.405621048766382955e+03,-9.456579118815578113e+03,-9.411168479152443979e+03,-9.411168479152443979e+03,-9.411168479152443979e+03,-9.411168479152443979e+03,-9.391834532187904188e+03,-9.348383667260430229e+03,-9.279580205536960420e+03,-9.269395383359405969e+03,-9.179885877868759053e+03,-9.179885877868759053e+03,-9.118658586257219213e+03,-9.134393458398499206e+03,-9.189902912878100324e+03,-9.316477933048601699e+03
-8.096364709506187864e+03,-9.494563229085299099e+03,-9.506204309749602544e+03,-9.441869538825163545e+03,-9.575271662469445801e+03,-9.864571164689465149e+03,-1.038334695072907016e+04,-1.051993433423027636e+04,-1.061595008912125195e+04,-1.099656453108832466e+04,-1.029485601923803006e+04,-9.446612973954150220e+03,-9.541144689401819051e+03,-9.649258191090590117e+03,-9.569901370972906079e+03,-9.569901370972906079e+03,-9.566385477071964488e+03,-9.636083293754116312e+03,-9.552537109789356691e+03,-9.405621048766382955e+03,-9.456579118815578113e+03,-9.456579118815578113e+03,-9.411168479152443979e+03,-9.411168479152443979e+03,-9.411168479152443979e+03,-9.391834532187904188e+03,-9.348383667260430229e+03,-9.279580205536960420e+03,-9.269395383359405969e+03,-9.179885877868759053e+03,-9.179885877868759053e+03,-9.118658586257219213e+03,-9.134393458398499206e+03,-9.189902912878100324e+03,-9.262284919241421449e+03
-7.988619579703550698e+03,-9.311029045197368760e+03,-9.459508909973281334e+03,-9.386906393982964801e+03,-9.386906393982964801e+03,-9.496632533110185250e+03,-9.883610684986751949e+03,-1.007701515497731816e+04,-1.024087519747468286e+04,-1.085994380552806251e+04,-1.080737907890033784e+04,-9.447195395297116193e+03,-9.446612973954150220e+03,-9.649258191090590117e+03,-9.569901370972906079e+03,-9.569901370972906079e+03,-9.668601475761970505e+03,-9.551181086851338478e+03,-9.544235331450830927e+03,-9.352818569868997656e+03,-9.433666094571486610e+03,-9.405122090308146653e+03,-9.359790078247322526e+03,-9.359790078247322526e+03,-9.359790078247322526e+03,-9.340850459438870530e+03,-9.340850459438870530e+03,-9.263555122295072579e+03,-9.215773790758990799e+03,-9.220651902945055554e+03,-9.179885877868759053e+03,-9.118658586257219213e+03,-9.134393458398499206e+03,-9.134393458398499206e+03,-9.134393458398499206e+03
-7.952895691332215392e+03,-9.311029045197368760e+03,-9.250092248633665804e+03,-9.248142436817230191e+03,-9.248142436817230191e+03,-9.357424842298987642e+03,-9.743385039533875897e+03,-9.937337604213858867e+03,-1.001432534525382289e+04,-1.057870937036796568e+04,-1.085273652263995245e+04,-9.375859537419024491e+03,-9.532935624967563854e+03,-9.551840606904352171e+03,-9.473416373326030225e+03,-9.569901370972906079e+03,-9.668601475761970505e+03,-9.592594584740567370e+03,-9.466117635938935564e+03,-9.398845393853314818e+03,-9.398845393853314818e+03,-9.352818569868997656e+03,-9.279421639392126963e+03,-9.279421639392126963e+03,-9.279421639392126963e+03,-9.279421639392126963e+03,-9.260666732154029887e+03,-9.184032975909149172e+03,-9.137390325533924624e+03,-9.143536349153209812e+03,-9.103152365006333639e+03,-9.103152365006333639e+03,-9.103152365006333639e+03,-9.103152365006333639e+03,-9.103152365006333639e+03
-7.786699801642345847e+03,-8.958168802267962747e+03,-9.065191055270801371e+03,-9.043161416308799744e+03,-9.043161416308799744e+03,-9.043161416308799744e+03,-9.558813189772936312e+03,-9.827992254195803980e+03,-9.815841015475931272e+03,-1.043907153053063666e+04,-1.057441653508621312e+04,-9.163118748177939779e+03,-9.354658248453035412e+03,-9.367555018895358444e+03,-9.527669013176837325e+03,-9.569901370972906079e+03,-9.569901370972906079e+03,-9.637464390117036601e+03,-9.466117635938935564e+03,-9.398845393853314818e+03,-9.398845393853314818e+03,-9.352818569868997656e+03,-9.303256368727687004e+03,-9.303256368727687004e+03,-9.279421639392126963e+03,-9.279421639392126963e+03,-9.260666732154029887e+03,-9.184032975909149172e+03,-9.137390325533924624e+03,-9.143536349153209812e+03,-9.103152365006333639e+03,-9.103152365006333639e+03,-9.103152365006333639e+03,-9.103152365006333639e+03,-9.103152365006333639e+03
-7.646820415217693153e+03,-8.460252072755723930e+03,-8.914121731700242890e+03,-9.043161416308799744e+03,-9.043161416308799744e+03,-9.043161416308799744e+03,-9.315649571509144153e+03,-9.664958161026112066e+03,-9.664958161026112066e+03,-1.039450204337900868e+04,-1.059029105539104967e+04,-9.876816739044465066e+03,-9.556859368672669007e+03,-9.301204295421370261e+03,-9.452119261531539451e+03,-9.473416373326030225e+03,-9.473416373326030225e+03,-9.682203656376383151e+03,-9.466117635938935564e+03,-9.389748893042095006e+03,-9.466510530884668697e+03,-9.334253643452389952e+03,-9.282004961066046235e+03,-9.303256368727687004e+03,-9.279421639392126963e+03,-9.279421639392126963e+03,-9.260666732154029887e+03,-9.260666732154029887e+03,-9.202822009691763014e+03,-9.167307589486717916e+03,-9.103152365006333639e+03,-9.103152365006333639e+03,-9.103152365006333639e+03,-9.103152365006333639e+03,-9.103152365006333639e+03
-7.613580152797311712e+03,-8.100581224262924479e+03,-8.914121731700242890e+03,-8.902569280074501876e+03,-8.902569280074501876e+03,-8.902569280074501876e+03,-8.902569280074501876e+03,-9.182244148180689081e+03,-9.315025855468651571e+03,-1.019156883321308851e+04,-1.053027157918523517e+04,-1.071645440764915293e+04,-9.587084350249191630e+03,-9.239313810507042945e+03,-9.440350497190007445e+03,-9.473416373326030225e+03,-9.473416373326030225e+03,-9.565588557945498906e+03,-9.374555668818384220e+03,-9.389748893042095006e+03,-9.389748893042095006e+03,-9.334253643452389952e+03,-9.282004961066046235e+03,-9.282004961066046235e+03,-9.303256368727687004e+03,-9.303256368727687004e+03,-9.260666732154029887e+03,-9.260666732154029887e+03,-9.202822009691763014e+03,-9.149924868801188495e+03,-9.143536349153209812e+03,-9.143536349153209812e+03,-9.143536349153209812e+03,-9.143536349153209812e+03,-9.143536349153209812e+03
-7.613580152797311712e+03,-7.912382181019339441e+03,-8.914121731700242890e+03,-8.760940342380226866e+03,-8.760940342380226866e+03,-8.760940342380226866e+03,-8.760940342380226866e+03,-9.182244148180689081e+03,-9.182244148180689081e+03,-9.831942445823360686e+03,-1.022807479273572244e+04,-1.053701174090074346e+04,-9.951717632247002257e+03,-9.239313810507042945e+03,-9.440350497190007445e+03,-9.473416373326030225e+03,-9.473416373326030225e+03,-9.473416373326030225e+03,-9.447680006509577652e+03,-9.402866461724790497e+03,-9.389748893042095006e+03,-9.259974270222715859e+03,-9.208841121128320083e+03,-9.208841121128320083e+03,-9.230681229853173136e+03,-9.230681229853173136e+03,-9.189834573512089264e+03,-9.189834573512089264e+03,-9.133772314915218885e+03,-9.081890628199862476e+03,-9.075774099248210405e+03,-9.075774099248210405e+03,-9.075774099248210405e+03,-9.075774099248210405e+03,-9.075774099248210405e+03
-7.613580152797311712e+03,-7.952608505767087991e+03,-8.944607933615481670e+03,-8.798188053432420929e+03,-8.760940342380226866e+03,-8.760940342380226866e+03,-8.760940342380226866e+03,-8.902569280074501876e+03,-8.902569280074501876e+03,-9.387960536794471409e+03,-9.796230904016327258e+03,-1.003091577395747663e+04,-1.053223663758206567e+04,-9.308076474615485495e+03,-9.336789617527007067e+03,-9.376508939891553382e+03,-9.376508939891553382e+03,-9.473416373326030225e+03,-9.447680006509577652e+03,-9.480830913111502014e+03,-9.402866461724790497e+03,-9.330935065309935453e+03,-9.270492840544085993e+03,-9.218367709026384546e+03,-9.218367709026384546e+03,-9.218367709026384546e+03,-9.198675547506727526e+03,-9.198675547506727526e+03,-9.198675547506727526e+03,-9.081890628199862476e+03,-9.051026018191361800e+03,-9.041003310872967631e+03,-9.075774099248210405e+03,-9.075774099248210405e+03,-9.075774099248210405e+03
-7.409558399851516697e+03,-7.993829452176665654e+03,-9.168403787480656320e+03,-8.798188053432420929e+03,-8.760940342380226866e+03,-8.760940342380226866e+03,-8.760940342380226866e+03,-8.902569280074501876e+03,-8.902569280074501876e+03,-9.387960536794471409e+03,-9.529598210004438442e+03,-1.003091577395747663e+04,-1.042506000110520836e+04,-1.055675028265492256e+04,-9.242194972341501852e+03,-9.393807709332761078e+03,-9.376508939891553382e+03,-9.376508939891553382e+03,-9.298461262528764564e+03,-9.418169316928004264e+03,-9.480830913111502014e+03,-9.480830913111502014e+03,-9.270492840544085993e+03,-9.270492840544085993e+03,-9.218367709026384546e+03,-9.218367709026384546e+03,-9.198675547506727526e+03,-9.198675547506727526e+03,-9.198675547506727526e+03,-9.133772314915218885e+03,-9.081890628199862476e+03,-9.021922634833166740e+03,-9.041003310872967631e+03,-9.041003310872967631e+03,-9.075774099248210405e+03
-7.409558399851516697e+03,-7.990225576545561125e+03,-8.880111405742472925e+03,-8.832245259412527957e+03,-8.760940342380226866e+03,-8.760940342380226866e+03,-8.760940342380226866e+03,-8.760940342380226866e+03,-8.760940342380226866e+03,-9.141785871416797818e+03,-9.282864181384577023e+03,-9.757941721833187330e+03,-1.012804892672332790e+04,-1.037666039139208078e+04,-9.202609221323207748e+03,-9.294672002740740936e+03,-9.376508939891553382e+03,-9.376508939891553382e+03,-9.298461262528764564e+03,-9.377612336173235235e+03,-9.480830913111502014e+03,-9.480830913111502014e+03,-9.333016557680657570e+03,-9.270492840544085993e+03,-9.218367709026384546e+03,-9.218367709026384546e+03,-9.218624129466814338e+03,-9.198675547506727526e+03,-9.198675547506727526e+03,-9.147817420297278659e+03,-9.147817420297278659e+03,-9.033724948627046615e+03,-9.033724948627046615e+03,-9.021922634833166740e+03,-9.075774099248210405e+03
-7.193741715097391534e+03,-7.679592227796202678e+03,-8.594035498545776136e+03,-8.636385222269587757e+03,-8.474414198777905767e+03,-8.474414198777905767e+03,-8.608796817872034808e+03,-8.760940342380226866e+03,-8.760940342380226866e+03,-8.999339389550521446e+03,-9.282864181384577023e+03,-9.757941721833187330e+03,-1.012804892672332790e+04,-1.026204903720905531e+04,-9.660785539499478546e+03,-9.282155899943725672e+03,-9.294672002740740936e+03,-9.376508939891553382e+03,-9.472835578876440195e+03,-9.288038711875189620e+03,-9.413148517945510321e+03,-9.413148517945510321e+03,-9.336196000465557518e+03,-9.263146848551581570e+03,-9.263146848551581570e+03,-9.147117132876024698e+03,-9.208017492742925242e+03,-9.211897123018066850e+03,-9.211897123018066850e+03,-9.147817420297278659e+03,-9.147817420297278659e+03,-9.091961973903313265e+03,-9.040140320359267207e+03,-9.028087673607638862e+03,-9.047353647620027914e+03
-7.193741715097391534e+03,-7.632699489651656222e+03,-8.067423871870466428e+03,-8.508712931975434913e+03,-8.334767869391622298e+03,-8.334767869391622298e+03,-8.468568403343535465e+03,-8.724976975226041759e+03,-8.724976975226041759e+03,-8.824559520786302528e+03,-9.282864181384577023e+03,-9.757941721833187330e+03,-1.012804892672332790e+04,-1.026204903720905531e+04,-1.076359470153450093e+04,-8.999100191897879995e+03,-9.294672002740740936e+03,-9.376508939891553382e+03,-9.472835578876440195e+03,-9.330481556233375159e+03,-9.338125211299777220e+03,-9.338125211299777220e+03,-9.338125211299777220e+03,-9.260989676045608576e+03,-9.187844487556256354e+03,-9.128613480074824110e+03,-9.158114843985817060e+03,-9.158114843985817060e+03,-9.111970358703427337e+03,-9.041701366234590751e+03,-9.119859004765961799e+03,-9.061809011217266743e+03,-9.007991631301714733e+03,-8.996273755348527629e+03,-9.015961751904102130e+03
-6.902077765035804987e+03,-7.632699489651656222e+03,-7.795697684197677518e+03,-8.458046112159945551e+03,-8.175421249924257609e+03,-8.175421249924257609e+03,-8.310292983801242372e+03,-8.593550838723313063e+03,-8.608796817872034808e+03,-8.608796817872034808e+03,-9.181569707761324025e+03,-9.626941040451563822e+03,-9.997285420776524916e+03,-1.013080552472543241e+04,-1.067729860968589674e+04,-9.038157754617035607e+03,-9.009587491751397465e+03,-9.249217540871175515e+03,-9.376508939891553382e+03,-9.330481556233375159e+03,-9.254736102256889353e+03,-9.338125211299777220e+03,-9.338125211299777220e+03,-9.338125211299777220e+03,-9.260989676045608576e+03,-9.128613480074824110e+03,-9.072007539968852143e+03,-9.158114843985817060e+03,-9.132307214565804315e+03,-9.096419894069666043e+03,-9.127621258923705682e+03,-9.061809011217266743e+03,-9.007991631301714733e+03,-9.007991631301714733e+03,-9.015961751904102130e+03
-6.754408903796690538e+03,-7.632699489651656222e+03,-7.622187663123218044e+03,-8.144356723851113202e+03,-7.895235710738231319e+03,-7.895235710738231319e+03,-8.310292983801242372e+03,-8.310292983801242372e+03,-8.310292983801242372e+03,-8.452347599234562949e+03,-9.170497539829395464e+03,-9.387080603944366885e+03,-9.863264559828727215e+03,-1.013080552472543241e+04,-1.044645543323104357e+04,-9.054938382084552359e+03,-8.992040282875008415e+03,-9.150163694339253198e+03,-9.376508939891553382e+03,-9.363140373004569483e+03,-9.254736102256889353e+03,-9.338125211299777220e+03,-9.338125211299777220e+03,-9.338125211299777220e+03,-9.338125211299777220e+03,-9.194240249646665688e+03,-9.130661182747700877e+03,-9.158114843985817060e+03,-9.132307214565804315e+03,-9.111970358703427337e+03,-9.054817237529887279e+03,-9.068562830325694449e+03,-9.061809011217266743e+03,-9.007991631301714733e+03,-9.015961751904102130e+03
-6.754408903796690538e+03,-7.632699489651656222e+03,-7.590290851667624338e+03,-7.991767833092090768e+03,-7.757439349701523497e+03,-7.757439349701523497e+03,-7.890302960994738896e+03,-8.310292983801242372e+03,-8.310292983801242372e+03,-8.452347599234562949e+03,-9.030375109615304609e+03,-9.146129965310949046e+03,-9.777126546044555653e+03,-1.004385657659530989e+04,-1.044645543323104357e+04,-9.587258403780118897e+03,-9.087028632128331083e+03,-9.116525982753608332e+03,-9.277880338516742995e+03,-9.258860948715568156e+03,-9.160642343643170534e+03,-9.243898836057609515e+03,-9.243898836057609515e+03,-9.243898836057609515e+03,-9.243898836057609515e+03,-9.168353957837636699e+03,-9.103070386515462815e+03,-9.125415261153375468e+03,-9.069518408436990285e+03,-9.044712360225561497e+03,-8.969748811313769693e+03,-8.984907200525060034e+03,-8.978531119524523092e+03,-9.007991631301714733e+03,-9.025876729936020638e+03
-6.754408903796690538e+03,-7.632699489651656222e+03,-7.590290851667624338e+03,-7.991767833092090768e+03,-7.757439349701523497e+03,-7.757439349701523497e+03,-7.890302960994738896e+03,-8.310292983801242372e+03,-8.310292983801242372e+03,-8.452347599234562949e+03,-9.030375109615304609e+03,-9.030375109615304609e+03,-9.673501897887066661e+03,-1.004385657659530989e+04,-1.044645543323104357e+04,-1.008023633347233772e+04,-9.589184438234216941e+03,-9.093015952887160893e+03,-9.237845199977895390e+03,-9.164245203933422090e+03,-9.193185741243774828e+03,-9.193185741243774828e+03,-9.193185741243774828e+03,-9.277619995687391565e+03,-9.277619995687391565e+03,-9.277619995687391565e+03,-9.277619995687391565e+03,-9.125965746470203158e+03,-9.009458100328671208e+03,-8.984188083020779231e+03,-8.959219791980864102e+03,-8.909299822781238618e+03,-8.896959595405020082e+03,-8.844954557458360796e+03,-8.945259034809278091e+03
